Product_ID,Production_Date,PublicKey,PrivateKey,Seed,RandomSecret,TransactionHash,Counterfeit
070fd4ee-688c-4e98-a5e4-8c6ac29f26a9,2023-03-14,200962,965246,915438,ddf72a940dafe96a6c9a17b425f6a7d6e71b125c068dbe05d254279dbdb45b06,ded152b56b3aea3e7af60dafe35f64765dc8aadef0111845fb4efb5de297aa65,False
114c3603-6beb-4e59-b112-26b60626e6f1,2023-12-14,734287,709241,505804,871e081fd8fbc457b8e403617dd99003adbf800ccf9e09c411dd14664a0b0565,2b4d5b58ae765e4c8b98352d2327b357039ee302433500ec40c2c11be169b5cc,False
141e33be-d793-4b44-8356-061f47acd841,2023-04-18,251320,847453,832914,c06d12eb4fa5b05b010576d5b49de5dc970b044cbee972f50eddcad2d30d4eb3,fb23cf91559d616c6a8f7035c2fb692e5eb04bd93a01d63a3420d07df379d63d,False
71998cca-b0f5-4678-b95b-5d37113f333c,2023-03-20,672717,166274,928012,5254779763bb651c5c05eeb8b8b964b61afd9fb35f538f647218055fc655b171,7d5d15c70b257a67b3a3c00404e3f9c84e46b15aaadf63e047bc8a5dea1db64e,False
6fd1be0b-3b0f-44bb-ba25-26277b23c57b,2023-12-25,489873,216568,295310,871e081fd8fbc457b8e403617dd99003adbf800ccf9e09c411dd14664a0b0565,23280d53e07a152103624132dc1e65b8a548ff615ad702080dfdb89b2912bcf1,False
8c04f72e-8bac-4013-9c04-2de5beed7a48,2023-12-06,54396,573639,815603,a8f8529a6be23ee397f150bdf3e53716f0b5601f9e62bd947e5316f59c4d3ae7,3c426a50364c333a60f08170ff4ecc8615868759cfcdb11fb0024b5d631a36b1,False
05a1a2f4-7749-4860-bde6-ef8b72e16efb,2023-12-03,736336,794640,772863,ff889f7fdd33cd76f5d4a468133df85813547baa13eb1fac27b48a183230f039,a26af32454e0111cea4df731c958292dff42c80b0f5008b451dca5d212d7967f,False
b2a9aca1-a43e-454b-8d7c-48b2ae873713,2023-02-09,215337,73074,821877,6b46322349d17f9f3ba46d6fd1fe390755ded35fcf166f9d1f528e59bf7a2b71,0127851100e2db2adb14cb7dbcb0675888a077d93c0cb994ab26e7fe532ff9cc,False
3482addc-d0ea-4bcb-ab49-5bbf0c182a89,2023-06-16,580428,276153,943518,661df7b4a9c08eb1a9043108710095a04d52dc84b2579e6e3300fe9ec7a63e0d,6e5318082299a3c73b1500dbd1f088dd12525691c88a8eacda232fa8c51e37de,False
e6244c53-ef3f-492f-8f9c-977e0fc24401,2023-02-17,413048,635126,770466,52b308ba817631d90f85c94fe9bec766f3555fa798a84b31aceebfb04ea67dc3,44f6a4fea98db86cc2969ce7c634eed99c03913850e9bf25fe0533acd68fed98,False
4b1a2ba6-3e5e-4f41-b1e8-5b5b2a292584,2023-08-02,202979,653975,708508,b4c8c06a68755ecc0ff7cb8b938b9aa222c35b379eaff9315aa6af55581bad92,1bc9a13b6f55f84bf69c6f1e4ccc570f08b3cf016209a9d5a8ee656e32072576,False
3c472502-687b-47a7-a4bd-31bd0afb32df,2023-11-01,431558,409097,580664,9c2169cbf1eb94a37fe9077722b57f456c9da8b0c20d4332d7890bee6fdfc9ae,71e3dc2223772f7473a7c967e865e59feb147e418a6811a7e15b84427369a26a,False
764b0b79-a43c-4ff3-8ac8-d58060a5ca44,2023-12-29,649503,697958,405250,4e17c99df13f5113fe892fc7b8e9da10ce38d2b7826583ade319a5ccda03c7ac,21c46c1411d37ddb624ce8c85f60c04a174b4b35fd5d1dc5308e5bf56e6f5e37,False
c1424f75-701f-4914-af58-c98f92fcc7c1,2023-12-11,603147,270638,444456,22b8f2d0f13df4a6083c2ca879994032609fb83048410d9f3dcf9bfeef5d192b,ba1f4e0135e032d37bcf35f9bea19f207ce51805e950e2efd29c901813037ace,False
bf414347-303c-49ee-906e-3f3313bcf9c8,2023-06-21,105938,607809,829570,a84cfe524a90b2a3f3fb151f8fe4e7906ed9b740e6d8201d55260a2e0adffdfa,6d9102e0ca9012dc6ae2e32f4cb5642ad4d436e7062aca6599db7953e9b83cf7,False
75acacaf-a00b-41db-9942-974e91d11ef6,2023-06-30,703097,701476,555002,3fcf20cd04117e7da6c581f9a7b06b8b6ad155051f32de7b0c4a4da4d76a49ec,6ea31f55fb46357d28999017bd4fe6ee11bcf68bf1e729ab1d7b405bad176ba1,False
4f25f6e6-7948-4ff8-89ae-1722493d0353,2023-03-27,160846,518579,771954,a032d2b07e8d76968a3abe62a5124627407be317f8b37ec8f2d4a46fd42ba93b,1fe451b21a3c7bc74d8dc833d41c990bd6058e0b0f45eed035ed61f0e1aa4b74,False
a6a80f2c-c847-437f-9283-8520d9222a6b,2023-04-04,309627,930110,428963,4e059e158cd655e5484fb9afe63095da22a6cfd58cd41a588e0bb44672c8debf,f866df95da7d4939e45d760d431672919ab94e5e69231466bcc94fabd18cfa11,False
b766828a-5fe3-44ea-9f01-164a59f74159,2023-08-25,672118,14773,862879,5e3b1c7931284ffab965508c46b3c7ae61167e507807b7fd503f7d9592e37f75,0a66a5ef29963fab646e326ae65aab3123bf9c53464135cea0e5a7499d1b5d33,False
8d553e50-bd41-45e8-aa9e-1a4ba11a8d9b,2023-07-03,392629,326337,527700,48b01ea108869cff04d8ed059791f4a07faeba4cb3ee90d49d38447ea84e14d5,123a0e2004e7ad1632076b80a50dd0fbb8f09c902050b7a5a5307c1824d8f860,False
d30548e9-399d-4baa-9d48-baebe3813312,2023-07-01,103611,95836,492836,301503793704df113029c6d14d27ba395e76ce2fbac9646f0bb4fc7ae91081e3,512f35921a4194b22b7c2eac04db5038cf114e124dab47d3cc79c7b5f2c79ea4,False
cff02d8d-7791-4e62-872b-de34903549fb,2023-03-17,747575,122835,793822,fc50c71dd85d8340cb76b676c2a302028c746758a887f8fd54ff27d4dddf1dac,36a96a4a0b0d40a64ef6eccbbfa2e479fa8c5124edcf17e40f71b25a5269bd1e,True
622e278b-090b-47a0-a882-1842f7c2e5d9,2023-09-28,870011,320819,818190,84a9f00cc645690173985c133932cb0e266640155b389c756ebb89049cb4847f,aefe0a171ab37a3982c4ab5a1688a6765670d6f900a3b8cc1c699557e4a9d603,False
d1a4e1de-f9c4-43cf-981e-68949ede2b83,2023-01-31,19837,700916,489687,7508db4782c16fe667a8a1245f6f5c0799e4fbfb3aaa6bb7e16a6d924c7c343c,79f1de58c1bed546f8ba7be921641ab58c14db2d8086e18ec053fc13dc8ef64b,False
b33faf64-b04e-411f-8d95-feea2068cb8b,2023-12-15,96626,192563,179360,00229eb80b17ef9597e5ebd4d04809511c698ef6003c72b6e3ab5e0516edd945,885410f5ef55df3719db04227bcd4c2d96781a1f55a57bc10849cffa2880af52,False
8d5b4f2d-b756-4863-9d4c-4c414f779182,2023-10-25,274405,705822,960669,7d718db72a924e3170e56274149d5739a30beafaed607f0566f02354269f4120,5a214c41f47458a9a81ad7935a3429b50e273cacf8af9797277c5faa43eaf41f,False
a9248b2e-f76e-43c9-b13d-7e69d0b10e06,2023-08-18,928807,261050,877194,06117485e968e6dcc099ef5c7c7de81077ceb12a84fc573bf1b7a70b260f1e0a,9d6e48fa6fec23c5e429b47a87d5ca8244542a3b70a4bb88eaea72e2b90d5616,False
402cf44b-3aec-4985-863c-9501b19c9451,2023-05-10,960404,45057,261327,72e43377679e0e9df865f3f76debb097b5ea68f6fb89f8a7640686258213c5b6,ab0842653f4aedfe6453bd8e7e3b58bc26a0361491f2bdd6dadd5690add795ae,False
1b8d1319-e0d2-40a7-807a-1be479c317f1,2023-09-02,343741,138484,293596,baf754010551751779237419239143a09b9a506309372cfb0b14ab5e6ec830fd,b1b9cc242d414c1d0bdeb2ba0344a2d3a65a149ee0bf270920116052202ec532,False
2408bfe2-8817-42d7-91bb-9eccc99d78e3,2023-01-30,103157,747904,287392,698057f44af80e97ec24fb77c2e988860a68e06644064de2818b9d9e6f9e8afa,0925a39871123d481f8c70084e9b9c5d5a1b5a421c5549abca6b1dcdc31103a9,True
c22392a6-c3d1-4615-8ac7-5b92a3ec1e36,2023-05-29,883998,433919,347778,bb9a9fcf1df7fe4c893fc22c6fdc4f58b52170e82f06f3eec6702e92a8ebbb41,80632d4e9f3b7da39ed44f5735da97b851087967fa564bc4a9d900787499d0dc,False
f4e64081-c5ae-42e8-8520-b9d81384311d,2023-12-03,157117,27016,932656,cb7e7c393332ba1f322cc93d29734e847fb840ea5bf89e8c662573fa61b6396b,42331ef02944b47a0e13f27504ece9d5e8d75c74cec8cb64d1b841c68d28c1fa,False
74e99106-4ccc-4023-8235-8e6fd8577aa4,2023-03-12,304534,563553,166685,554f8b3557803f00a02008990df163d3383302051ad0bcb65918ef5ea345fce5,bc6bb22b9ddcc5ff33f849d5046929a71a289f2a7b0584a3b602271de0287458,False
3ba98b7d-16a9-4f20-bdc6-206714ade65e,2023-07-23,201166,492620,616674,dc1869f266fafcca0baaa91d12332d85f51162aa0ff829daabbb184ead04ad82,5e0608b8e34942739ce5acac68938bf02a0f43d7c228da281273c94298f66627,False
2da6554b-707e-40f1-8ec2-df623f72865b,2023-05-26,917422,30466,258948,560403cc32758aa2337c41520d11b892c37d477fb6f13e70b511af3663dcc18e,89eea49dddb5d7f6a97f803a8f8b241e2feedeb363fc0f0bd65754fc2bfd443e,False
5b23c2b2-0d80-4777-8a98-b87cd1afa4cc,2023-06-27,433190,909843,606641,e37547f47449111969f4a4ae99c24379eeba6fcfd0c13c0ce715be4707d78b2c,f3a339c426d5eb12442d888d2f43cdee7a11ebf8c6a55351dfd148ffa50000b6,False
354757e9-8c95-46bd-b912-30686465876f,2023-11-01,202989,126993,264505,539ff6791a665048f38c81a70143454815e21956d72b54dd68e8dc42d0aad8d2,04dca9fff06f8e7b705edd8dd48c2ed17eaf1ad9f719445d53c10af4792c7a32,False
a8d96212-5f86-4efa-9135-d99251031928,2023-05-31,638217,870240,483420,1f9a08d0b8d4918bf77329f2ca45ac7ea23c25f496cf3d0ead8bb122fd968750,f2289abff2f2db5aa866fd4c6a14098c80b70f112cb65238b0dcdb7edf109409,True
9928be04-07ee-4f7f-95c6-e6f29ab84c14,2023-02-20,580058,317983,497876,42d2bc397e8c8b414189c66f2c752a1b943dec8d4ac204a1e2e17626019cf895,7036d93413876370c5cb045a4835aa553061b36cd0b6a21aeac3326f4af8f410,False
447aa88f-5702-4e8e-bd58-58fe435a861f,2023-12-12,870983,407597,510341,c4071d0cf042e70b0f2f18b32455510c7b137ec403c7ae2ba38065897436bfb3,f2289abff2f2db5aa866fd4c6a14098c80b70f112cb65238b0dcdb7edf109409,False
63d7371a-e904-4669-901f-4e9733db8016,2023-11-10,482059,127636,715172,f3d1a13573b3c296895df5c5cd1f10ceafba08697ef9eaf4e86680233996d780,0c21aff6bf85cf1fa29068eb802597c2ac6cc8a409c295973b4e29b3fc8cb4d4,False
0308dfaa-3aa9-43f5-954d-e3e6bc11525c,2023-10-24,160846,850189,597054,2dde831c1610cb6739faf3836aa389e4378ae5ab2f455df20e40842134e91f11,186ded5697b5326c33f719a1773ad5f42b04d481d7b4285ac9f3b5670b9ba919,False
07f62c9b-0a77-4239-90c7-8d17b313cf77,2023-04-20,262241,787230,747530,01e2ec9c2787eb7e60a9137b3f5485f74b3cabbd0ae3a00d158225408f3c7893,d8bcda5b6cd4d8a15fca596479586418375dc97f3c1b16eb5a7e971b7d053441,False
8e4f94a5-8b99-46bf-9e47-a101b252ff89,2023-02-22,251689,976104,453019,9b1664eb7e9664e2a47cd780389c0f4b3425ebb69e2abff04eeade8c5f65c73e,fad2806000b43403da4470fbfe1722350c1760a946aa6ceb4b1427860743cfe1,False
6518cdb7-ad65-4664-94ea-5f5dbe73544e,2023-12-11,334702,774296,555264,cb759f637b01c56d3ad73f7ebdd816e89ab1159c048f6288f676bd9a6dc78573,37e56592b9c2a67f8cc453e3bd30d2a8a61bf234fac9929e0d0c1320c0a7f340,False
33577fde-a960-4cd0-a355-88a78839b63a,2023-01-06,731848,943280,530144,bf15df772b206d89b5e2ba03b9ad22b0df60606e872171fdbd8e95423c391493,bf321a00651c24f5a13ffb6837168823f053cd632bce396d3e90dea83f7c39de,False
67553c37-6c8d-4a84-b744-28bbe4a44bb6,2023-06-13,442421,263673,846764,4db1d1740dd9fb0b9a2ec5d9742e1e2111700304645c5f7f1a71eef3aa9eadc1,4f1add5d2cb945c590f86bfb5db7fd53537ab0b409d617c0691637629ecd6d02,False
dabd2924-ef28-4efb-94d3-0d4992920082,2023-08-02,91187,435546,603986,a56f07801eb9e13f262a73f0c4a0fd3aeef18321dbd0f8dc7e66ca49353592cc,8414d5fdbdf1d851eb1e798148dc84d9d5fd4f4dfda81527dd9ba452925f7db2,False
99fa5b61-20f3-44e4-bb33-6de6a50457a7,2023-04-22,790200,253484,479805,fd08082f1581aa464abceff9746b9caab2ecaae99143c23fb78050dbc0439f14,6ea31f55fb46357d28999017bd4fe6ee11bcf68bf1e729ab1d7b405bad176ba1,False
a3bd35c4-2996-439c-bf4b-1776463f952b,2023-06-21,646043,162891,895984,3f7e489aa36b03f582ce3ba2b387591ea39d898ac940b6abf1581f8aac1e78f7,746699f96212394575abfe7474f3ac3bf5ff6b3a09e559cecbe2b736803afe6e,False
48942155-c5a6-457f-a9da-021def699144,2023-08-10,152387,637992,597054,4f3366f29ce3b4bcc8abb3f7a3f69d45e6ca3729e83c99214d6ed8c668265bc4,b53f388d601180cb4c09be0949004f357d790620ce486ef37777f3c695e235cc,False
cedee9df-8007-4449-ace9-8c0fdd1095b0,2023-05-30,681227,518579,107358,836391fd2f6a91d31701d4714e35c57bd2a331fa02ba10482a07134a581fc6aa,7dd1cde203f5062eb559cb3848e97fc43b3fad03f2bbc32f20b26caf8ca5bb0b,False
36812014-073d-4bad-b50a-ff66441ee8ba,2023-12-07,638217,763247,475900,c308267b518d6621d4abe2e78a4a3b160b91dc589c29f8427a0c58883c6dcd67,a53ee7c3599d07176cf6b311cf9decde16ccb7be2b6a81f6179a47c83a15a2b4,False
9aedac27-b3f6-4554-839c-6499babe8441,2023-10-10,903595,744076,928012,fee8de7c5f7c298f403d5100a84606be2c75469c5c42a010aa7c218e73e6d9e0,bcc75c568af31fcbebe475fad33249f409d3c2984eb76a86bff3bc568fb19d82,False
e51b4beb-d159-45bc-bf73-fcda2757f8e1,2023-03-19,417366,515830,836559,5c4a24511771beaec4a95beabb461350ffb5601ed3eee5c0c96b263c3a21ed24,0f71f6d9553bd51a3ea1ffdd12fa1238dc837ecfffb8552dc0181f4ffaa4fc0d,False
6296167e-3e1a-4be5-8ccc-8dc3a0255a1f,2023-02-05,845278,607275,694409,718cc8af4c270466449c4b27fcfc82a965449ff378d201d04d778cc93ffa1754,868e1293cb6ec4419a851e1f61fb182748a89c4fb90ca4e73b481e5409e82b9b,False
b8140957-574c-4678-8635-69967f23d656,2023-09-23,591990,995871,106950,9906ed3f27e601c10f013bb0e1b6868ffeaa24d99bef63a1a5ae7d94dea27121,b8cba1b3a49dfe9e31190fefd90a8932f389b2bbcd6372a54e56be1c4e14b72a,False
74da88ee-af7e-4614-9999-3b1932ac26e7,2023-01-23,879650,531274,956060,47ab1a3d2486f58293d1ebbfe36a2778ac13fcd174877db3e35bc171bd0f3a25,3393cf083283120e779e96e35f807ac21928c8913caf4c053e1f1d5bb0d3756d,False
0e57679a-0489-46c0-9998-36a9f9e6cac3,2023-07-01,756899,160074,210837,2337ca2c63b01f20af9652e3efdd47202de708193cbc4e407de1eccf83c2ff7a,26aad309f09c9deb0286471b3bece64478b1efcdc44d0057f5df04fa09b4d177,False
b8140957-574c-4678-8635-69967f23d656,2023-02-01,364218,386150,493670,c7f2d8f72d524ce953cd338b8d73b3eba1c7b0e325a7d5881b3697e519d7ee93,483e62dad23bb10b40423e23f0ea70c390314077ce7de4caa504884c58da4d4d,False
819b4b88-ccaa-4926-9bfc-2d61aee4e2c2,2023-07-03,583012,860710,763268,c7f551cb98cbd4813b60af23b7215aec0edcc502bfdb3554b5f9fcff0560401d,db555c7432535139608cf703847641686a90e8f798b31ee87aee627946cd6b44,False
b0c541aa-7003-493a-95e1-91656a1c3bc2,2023-05-20,561597,24415,746694,bb85c0a9fc0115ec54e89facc2b4b2d066c495849ca6de0ceb20c9105a2c7a3a,bcc92220490c4702496d4fc41d256cedd6f14a25f4b76bda41305b45bb9b84f8,False
24b1e290-8ce6-42df-82ef-177720a69b9c,2023-01-30,801779,354044,934895,f969282cfca53044ca6b46b5c33d2df3de8d2b6cc357fe5ce342e3e211ac68d6,eb30a544060db05c728f5ef45b9e141a02d1fb1dd8c37707c3a5abc96403038f,False
08bab53c-3f82-4cd3-9c85-0e803051371d,2023-09-27,464089,71415,669843,7efae37dae373109595a5a586b5f9308adf625524edc12c99741e490618228e0,7036d93413876370c5cb045a4835aa553061b36cd0b6a21aeac3326f4af8f410,False
e70861bc-65d0-42ca-b262-8ca50b2d6098,2023-02-03,328521,381212,617139,99975a37568a075aea3d6ace604cfd17bae160b58695c99471b731649133ab59,84c4a23cdcca7ceb29498be693dd3bc3c56ec64577839be11bba7b3e73f2cb2d,False
08bab53c-3f82-4cd3-9c85-0e803051371d,2023-07-18,570833,553483,694363,b57bb1f52b9f42effba5bdc33f327bf6a3dd7ed960b8992363bfb10b5582c92e,9bd8eb1b4988f70fb24dc446278a5513a255b126dc34e3342868d72a15969d62,True
70d889f2-3853-41eb-8c1e-a2c9f3e48b07,2023-08-30,107204,260871,711011,594ad2f0c473616f9b0a4bfa2b509c2541379b70a42130b93d8b6b4f6c6c78d6,d606548acd3094ebc020e20c374f9b7f9b652f6af4501dbe44c0e650f9b441c1,False
a3ef7768-57d8-4918-beb3-6a8c63a0d035,2023-01-19,211224,174902,534421,36a45d91b650bc539d3cbe251c4f8dcb374f35f13ce70d38de553c347e9e97b9,dc1712b7bb19c179972234dffc4e9cd71d47c148a3e42cc870dbad4656ef2bee,False
723c2989-3b0d-4231-a50c-b9e1932804f2,2023-07-17,312634,146019,884257,239280c03bdca832c2eb8edff1aa7b847602f84420e00171d820953c122abab9,c9ff47844688970ade9eee56259101f1ddeca7d0953e7955619b6046a0d1fa1e,False
bb409ec3-5fc2-428d-8c85-6029ec73db57,2023-06-24,266997,42773,631036,3caba62995a5dd3a1794f27a9562afac2c37613ab40f73ce09b3982a38543c3f,254c8458dca320ee062071067bf52c94816fa366904b92453e4ee804120fb5d4,False
d7a62e8c-41cb-4a00-9ff6-105bd333df00,2023-07-07,628118,246982,707588,85324c0905ef00c0988b7f907eea83e09cdea9aa2b82f78fc825d2a6e27f4ca8,6cc04df7bc3c4efc89baf2d135533fbd7af5b93bf61c96818db5972fedaaed8b,False
4ca06d4f-f0c1-4574-bc16-5ad4401bccc1,2023-02-02,791246,169462,974335,948416ed3d931297c4bc667a8e8b2ef92ad5e0177620b1b0f20d71aab1cde7f7,51a1520c99e530058fdf9ecc30e59aa9e7981cdb6917efc75cef04cfa25c498a,False
20ae9167-f4ec-41c6-868c-4fd46a59be53,2023-05-21,438674,645479,720321,e0588b45d2a3caf3e7f5624580358144eeb655602f00541b1b67585d91ca6270,ebd5679ac579e198d4d0c7694bfd5433a6ae583edf62126b9d21ceafe2ad5b5d,False
ea66a818-e5e5-4cb3-8390-89c06efaf7b2,2023-05-19,83036,276000,317673,4732bd0ab49c60136e6ab4a3fbfe01735979d9dfc5dadbd8c2124b455650ac29,65682f26ed48e2858a7c47115d6eca0a852cae74cf7a2bb8793e0cfe700eab10,False
3484fdf8-2518-49f9-9cb1-1131121f5c54,2023-02-03,621074,4839,402301,e4742d7ec7db37ee84b2a5ce3a436ebb3350808b9aea6e1109f62fa5854a003d,2c1453102078748d7ecfa9b5633e8b6f6a6efa47af8028a7961dbc0a2dfd4ad2,False
fdeef63d-1eb8-4991-bfae-50495528b7d7,2023-05-07,774271,878840,984674,9b7ac1394a910d52d32407aed9079d8812ceaeba91dd684ed5280694bb832030,45bf90f9db9abd1601320abe9ff3230ca4c7bd2830511fdb141838c635c7e151,False
f63fd3b9-d04a-4390-a6ed-bfe200cecf95,2023-11-23,168486,280386,578701,fab471e5545b7c527859918d60077203a69f54eb561a2dd19e9e136e5609bb48,4fd3f75b1bd245da8f5cc604ce956cc1564f3cc5b06ec2d5a92198e0d02e263a,False
9aedac27-b3f6-4554-839c-6499babe8441,2023-01-10,762071,760360,814025,c4071d0cf042e70b0f2f18b32455510c7b137ec403c7ae2ba38065897436bfb3,042031f90e18f2f7f6e9444f59d979c815a4c3a790759e4cea6c7abde9640881,False
fdbf2644-2270-4d92-badf-47e46f79dab4,2023-04-20,518683,790415,538302,d2dac39e5c333362bf61931d1ffc48c753b28b5b37106ba719c50a017b5613a6,f432d5800bb3431ad1eb81f1bcef0fc7b6a23de85bfa5ebbd4fb6b1af28d866a,False
24b1e290-8ce6-42df-82ef-177720a69b9c,2023-06-07,153861,515756,804749,8cc0f1450f00c4a7b05951d7b1ffd28b86561df148e7e95b2d6a06b8a237e61a,71e3dc2223772f7473a7c967e865e59feb147e418a6811a7e15b84427369a26a,False
e1e9387c-cb90-4b95-937d-3a96ea569d2e,2023-07-14,4361,744535,895792,41f1db76d779629bba6e093899c3af9cae50e30f0035bf9e75a31627bd00c110,522799ed6693bbf2c866815d3ab6cc468873458abca60f254d8d7de7cd763e16,False
5f6edcb0-4c43-48c9-863d-616b22af39da,2023-07-28,454740,538612,793822,ec7e65eafc6174d7e4e4e7fbcd31cba5b1c264d2b6613127e93ef0d8be90657e,d778e8ca5d25df33d224206c9bff78d5dc2d739678c1b5b9795408a28d5dfa62,False
1f00aa21-4d98-48da-97a0-25abb3afb907,2023-09-11,885116,778544,311875,67eb3f8db519021924e7fbe87b22424d7cf8c2f18643855c2e34b962f6a71907,3bf7f9bb7cdb3220a45f27c6569becd95f8e623d6fabd2db847069af59b325f7,True
0c902e6a-c071-4e90-8017-178c2f4d8e58,2023-10-29,462189,573639,390283,33f5f701b2c4e8ed9563e335de73a35a3b6644bd1d15969732e30943ee533405,382e7bd832c7c67a9c5989cc7dd9b29118fd0f8454dfb7059323d7f8b083777b,False
61fd8387-2ad4-4fab-b66d-d7d76dd5c9e2,2023-04-13,850022,251482,868264,488e9b9755309174219cd2b7a911c5f776b9ac9817508449d691ae5789009482,39f81f4d3390c32742554f3436cb5684f46f7269fae62ac1701403c3040563d4,False
57781c00-77fb-4536-bd7f-c6f7cc6ff30e,2023-08-06,27586,679241,179090,be1f746965f290eb255c516547b2ee8a10116b362e4845bfefd019d516755bdf,ff36647e23e73fb27a7353185f8b9245f0816d240ec2e2adc4bbf7002f2439cc,False
d30f7f90-99eb-419e-b5e0-b10101efb6db,2023-02-06,782635,451726,991430,5d3033dbbf6edf4a564568bc0af317dfcd88ab2acbf2d8a5b910552b7b2e80d9,be42b6b955245220bf71ccfbb1a75026b3ea3b762fbe6fc66fe52f9003f68f08,True
0bddc5bc-aa3f-4090-9633-d670cd7c96a8,2023-05-02,118492,365289,261356,dd56fc2819c8daf457bf02227163b5cb6cf35aefad425402dd29f073749af9c8,a133ec3ca0b081634112333705101ce65147c4c60e77692f4ae77ef0202aef0a,False
f78c6d09-7e83-49d7-a1e2-afa43f553163,2023-11-04,115926,309216,311875,3c3bee1caf827bf0607185610d75ad3e835b125f56195496f10baf7913e806bd,ed71c4d54bfd5bff7f6934d431baf85f6f52bf2d9b88c34fd36bba223798da9c,False
8aeec22a-ee57-48a6-8635-0297357b2cfe,2023-11-23,587867,92998,492836,22b8f2d0f13df4a6083c2ca879994032609fb83048410d9f3dcf9bfeef5d192b,a75b04120213e63771e4b444ed873e40c27cfe20ab983b54dc72536655dec464,False
674a7c52-1511-4fcc-820e-71e3991d22ab,2023-04-20,561597,672005,676386,3b174a78530dee9342c6ba49962d41ed097f196a25153c1da9ffd0ced1b1d7e4,c03b5713fad09af9a5e285552e6481eecc76ccff9e48acb2acab1e3afa30ebff,False
39e3111a-bd80-4bc6-b9df-c3513e9ad2c2,2023-10-14,919398,531276,436084,8b23e8a909311761be6c6c99996a3d98cdc4cdd77d311dffab3eece8d92ec9b6,2d9f14249d50e0b46168035f9a137d8d80531237f3ae8ed4797c4f07b45a3222,False
72ddda62-693b-4c05-9e1a-6fcd48761fca,2023-07-09,772542,314678,809779,7d5a63995ae4c4a464aa214a3f1cbcd59d4a1038925d90e8ab946ae9b1d0306f,6333c1e8d01e47b89a91623438d6b67e7138b355bbed14af898a0e25c1e2128e,False
ec192879-2a78-4657-9f26-360d10f8dfd4,2023-10-14,502432,263148,862517,1e41fef9eef0e6b701886ad434da5a7a4de26da312aa2d21ef64bf44061566e9,ac571eda6f0027f2e53ff5aeccef58bd47a340c0bd71bfcca7ead0f4d3da1504,False
e9bf255d-eaf5-420c-ba69-d6499864fb84,2023-05-02,98878,263506,426246,5b3ccdf32ab6908b65f31a9cff8527bd886a2cd9b4ff765902a1094193561c8c,cc302aca7f430b21ab12dc1cf74b265fb5d4adc9efe7c3a6e7476361ccc57bed,False
60b6cff0-d3e9-422e-bfb1-5ed7d8b729f0,2023-10-07,570144,451157,550021,d640ad380d84a02a0b9476a5f9ef2fb0bad15a2fb24ab4362f8c1792a1b365da,cb4640aeb32a622c72321c40caf429e0f30e80b507ee1998aeb2cb5a15299bbc,False
05a1a2f4-7749-4860-bde6-ef8b72e16efb,2023-08-19,567694,70624,985511,f567b8e38165f6deeb40a34b27b7470c5265bdc352001dcea95bd5a4d014032d,6fe0475b53a6b55dc955eb2bb1c9d7da4e1c0ba7a9745e6779c32b6eb30ec50e,False
cf2cfb0e-c90d-40bc-ab1c-636edb0f2c40,2023-11-15,258927,700916,273134,8898faa4758df837452f96aaa05308097e053a38ee72386e9ac85b630b7e8282,b0ae6780ad8b460da6aa4bd56a673bdb7929f9ce1410ca777e065576a96b5b7c,False
4f25f6e6-7948-4ff8-89ae-1722493d0353,2023-09-10,555464,154069,389813,350f4ac5e1d067a7bd67580ccd1ae0c2454558db9717628edd2ff6d1b2451009,5ec70612ba26b0e4b8d3439f4f913eb2b36a46fa7b71290d4d45e4b16ba60d2b,False
59569f0d-69a4-416b-8392-ba1b0f666132,2023-03-29,701981,815033,845298,6b754eba18f0fc9b0b4e77d1380b034c34ad068dd44c5e4e98d06e5a990676cd,6704076cc5ed954b82a3b47eda7a89e627b8df2f9cb0e2bd35eed4bc35c8bfd0,False
38d85d19-9746-4a66-945e-781303757a2e,2023-09-18,941941,527868,242965,688018f048ad2cb5225d42e80ffd34817ad94a6349bcfdacdb3a81b736415de3,aee2d0248a6290ba6e5f554dc512fc6a9cae202134dde6648784770eecbd76d1,True
6b5ce65b-0257-438b-8783-25535fec7824,2023-11-27,2409,411444,513241,28330aca787f164369a633f4b27c96782b8ca3f79ff5321835ee1f015f6ae095,d4d5a67250a3f479d891413af6d58270a6448d68f61556b0d630906f50249286,False
114c3603-6beb-4e59-b112-26b60626e6f1,2023-03-10,680292,95624,135505,17d448b29af3b893625f4459dcff7b0460d25e3cc69d4fb4c96aa532beaa893a,2ef93e55c687ca94df06b6fb99a48c45c45841a497a128c1ccf34843dab6d59c,False
34a46cf7-6ba8-4a8f-88fb-10da04a3d6e3,2023-03-26,782635,71415,347833,0af6075a12e1b655025e8ed9639382b2459587b1ac4d258549ab52b352bb0913,e9fd5641869735906714486c51d9d977ebe8df5e38cd8b02d6ed990750ffdcec,False
b15ad8a6-b4ab-45f9-8689-4e0bd4670b82,2023-01-16,311111,701476,674597,c92bbe31d435630c987b58895d392f8013633c1369c89b4b12853a51e593cc82,1998023442e6c0055a531266815b3a55047134c408b66bdbbf9ded24dbccff7f,False
e2b791d4-032c-4cdb-8bdf-665f4130e770,2023-07-15,392596,500550,295522,e88a87222675531f3def9b3f105c9512a23fa8d02c3114ff26fca7dbf77889d4,f0cff75449b68778300ae6f9c9d8476415ee6eb5933cf7e945c11b4f64f4c20b,False
a1d45105-5acd-43f3-9e70-40dac1b5fa88,2023-05-27,374613,854733,612626,bd5482a750f5b70f05798607f0b313dac2d1dd820a7d736932cea8685ed35405,8c77e18d638b71115496524204f606c34d7084a833092ad4de7fa13718dc76d0,False
a1443372-9186-4cb9-aa90-da2e453edd55,2023-03-21,91712,591872,231961,83a2a603c8d13caeb28e096c01b355a8f0f4cd73d9a90c50ed28007bb35d6090,29825d229436a2a615d8042bb26770596c0c2e95385b2414081999d73a578cfb,False
5234b8bb-32fe-4b65-b8dd-ffe464bce174,2023-02-23,293112,984636,458099,5eeebcfc9c934371c0f49e452d32c40ffd257ddf0cb1d4243802cbca606cbee8,0cdb2b608d6c964039d962ed4b34ea51c22e71e91c1839d7b2e51dc51cdd1f5f,False
7fa8b79a-3987-471e-9bb8-d2718df627cb,2023-02-06,961127,457861,976398,083faec63e2f6de40c43108962ef3576463991be41725980c85555cff24965b7,d09ccbc5b659d93511a5d25a342f227966bf45b9470d819076a488c05eb00323,False
4c600875-d019-49d0-9d91-04ce00b0f657,2023-02-17,426480,215293,505490,2fe59bbe177aa5e8f999b2a89ae856f1a80b74060509012b5de93eb1add8246b,c91238720e46c40f41575d56819ce7a897cd0f38ed0e6cf463249a49d5872d2d,False
4ff069ba-2274-4aa8-b145-5fa2dd0f7121,2023-02-13,644426,790415,194877,0b69b5371b8e118737c327cc1f288e23f62342de2568979204233feb8d2590f1,28af3a0c81c6c93d1916b6aabf0909b68472123ae6e8161111b065c99e167473,False
a18f7bba-f259-4a4b-9677-6f8baa6c9bbc,2023-04-02,739818,406288,960630,5c788b952157fdaf39f511ef1bf19c7af3b078293052c0d5ab4b2d3af737b740,35b1054c8905037c99c99fcfdcf472e63ae1d4e278bc1d354d6cae7e126f316a,False
6f76750b-99c3-4852-bcdc-e9debcb313d5,2023-04-27,366485,967124,145031,37e380485e19d1bb98844660ad6dc4a14d83e09192067efcc1e28ec0c86924c0,750fde982a9e47962f46e073a94a3f0fbf80d293fe7aad291ef1bea7af0342f3,False
bb9081ca-ce25-41e0-83c1-3aae43e36b7f,2023-05-04,305885,397494,848321,eafc3ec687032c557c012b7bad5a88756bcc2551c1d7d6fe52f2ce291f478d35,282e32a4898b82f55de3e9d26a9118c7916496d80198e1f5dafd5c0d1a3f75a4,False
b6bb8f2b-6552-4133-9e21-a7f786b63775,2023-08-30,682132,416786,636254,8cea5baac3876ffe6eebd3a6805bd1b5070dcf74cd28b7b0d58b8ca8d7b209ba,cb1d25d3c4e64da287e67c32378ee177c27d507902982c9578b4bcdb27cf37e2,False
4270fcd5-188c-4d9c-9a5f-5b305164d4bb,2023-03-14,201861,295428,434942,e0d9ac7d3719d04d3d68bc463498b0889723c4e70c3549d43681dd8996b7177f,90378eac2ff13d7a3009497c5aba00b3901e144289ce08fd08a08dd8d4282616,False
bd5db091-f8f2-43a4-bba5-0b34b2c7a22b,2023-08-11,870011,757626,738927,36f82874765a24ee1bc62b507501a03986c85d38abd216f0cd6398e7d88bf018,2d71fa58e19076fcafd4d830b03fef312a6262c4c0b5a8c7fd856ab50ee22586,False
b459fbea-130b-4dc6-9922-b7fce8c96077,2023-09-26,220800,949473,399648,c641ea4a7e7e53532acfd5bd1c8ea5dd18275f2e35e61a20ac87ff4bea69183e,8910045f6f71212ea963749aa5922894fea1dd8c5fc045fb597b47cdd0e10ba9,False
91cb7857-cf66-4231-a769-ea2153cde93a,2023-08-12,159529,476638,289687,d4fdb63b1591b3efb0396c875d7c81881d6bc69193ae27f04bf07caefda6db5a,4b7759d30631bb805a4c8e1f601c2afee724e3db299711c68e5120e1be086f61,False
9a850053-7e9b-4613-9979-ba1db5d70a26,2023-06-14,434923,748822,386808,40990aa5f71a30a9af97d6c1a3fd9214e857b2a64893c79ad59586a142a4bf2b,c6f587e1b9212f881bc76d76d0e2c31d9c69c7d2a33aec29caf665dc06490574,False
e2ef0ba6-1251-4d9a-b225-2905aea93e36,2023-04-16,751552,496470,390283,dc5ea419672ea6d2eda6ccc84ee7245f13e21a4b7cbf30026f10e3cf7882fb50,681e8193e973b7a6d877a98d5bd4f8f991b3270150402b04d8a9836dc9ed70e1,False
bf304e8d-c0d6-490e-94f3-23aeb9114b2f,2023-03-12,226454,857726,540499,2b02ed4d4ea9eab84b78e90e73c52fab3c88da2d0b1158d3148825f248017018,a0690f88b437a34bd308e67467bb2bfc5160c8c356d1d51d1cbbffcc4c1386ac,False
fb95e803-1e2c-4f00-89a1-a090c7898107,2023-06-10,807336,696729,817414,28161e6fddc05faff8af620f45974f2f61f9897cc47069e8e0bc12e6e86f0d99,49d8370f607331047ca0d01038ebc9eb465043a0d32a8bceecba5bc3f11a358a,False
034f3ee7-b731-4750-b53c-539de1bc5116,2023-05-06,870295,39593,146125,471d34a3b016e6c045ac79c3967777f95da90ce91771107989c4d3d7255c4301,f432d5800bb3431ad1eb81f1bcef0fc7b6a23de85bfa5ebbd4fb6b1af28d866a,False
8daf6c6c-72ed-4be4-98e1-76bf18e33b33,2023-07-22,766192,375643,156666,df019a4316a4bb998edca6f542f7c10b8722178d046ee9bfc5f5bd480637af18,6b7462c09715faa4dd400008063a23ee2269239b2f538a9d66596d6cec3e9ea9,False
da4ac268-4072-41fb-912f-c842ffa4b166,2023-07-25,19837,361949,519542,5e3b1c7931284ffab965508c46b3c7ae61167e507807b7fd503f7d9592e37f75,4a370ee39b334c9524db668090e14e41f73b219ee430fab9dc69ee37e325c318,False
8c1ad471-e2a4-4df1-bf52-0f36d7fb5f32,2023-12-09,484589,276153,600089,a11e3e42f0bc985437b27cab533709cb6af885ceb9656fba6d00c748e8d502a3,6dd0b636902e67ad04584319a95cde45d09e9799227675bd797632284eff9c89,False
fef52656-7633-44f9-b02a-9fbfab628f43,2023-03-15,482059,12531,246298,c88079018d7f1468b7606342222af770795fd5728a18a0e19e284032fc5f4daa,5355d55d7b35adf8db83702cd11e2d2949f937295feec0ac3cbe8fc8b92b63f9,False
8605b8cf-2a92-4d11-95f8-46d7cf88c743,2023-03-28,320385,489854,579674,688018f048ad2cb5225d42e80ffd34817ad94a6349bcfdacdb3a81b736415de3,15b0fe2e0254b809bf0ddbb2a41aed8873ac5d230cc63bc54c869736d91956c2,False
8552ebf7-295a-412d-82b9-9dbe9f0c5dd5,2023-03-14,489873,486356,488215,abe1b8d6245b7d27555a275c4c0848b92573270da04482bdfa1bc7c222b522f1,36020d1c074c1802258f4d2ac0abb559a32190623741f11fd59b9a539bceb3e9,False
375d8ba6-20e7-4464-a722-1f2644d4f28a,2023-05-18,491547,212243,450782,4412bd4403fa58b530c92d653b4b452270c14e4b05669073aa2e032266cc2c02,7b1536ab15be5ec04552855e29eb5b028ed15c360480bcbe39159e46b3332203,False
e65b4b85-c363-42f9-a269-20bd53dbb229,2023-03-04,586935,210488,335780,2f4350974680903805ab7da16a7fbe0bd358b31d7560544b82c5b6870110b2db,1403e516f96d7baaf5a135a4d3b4d6c7ab2275c9411a79ca2f061c0b0cba6991,False
2b495cae-8ec3-4d64-8885-e599c0b6c50d,2023-10-05,825659,531274,146125,b748bd9563821a00c2a626c1c739a4dfe1ce8a3aadd22403b2074a4dac84bbcc,707aa2a00235bc8e9e95998378b5a8479e8b1a31dbc6ae51335433cf4b7f1a2d,False
16d3cb5a-c418-4cc8-9add-24d5da15736c,2023-11-01,192740,506152,413066,38b34a1311178ab40bed7daab9926b2e256e4c4eafcfd24d414c28f040e4d2cf,6e8c40fd4e141c8bfc0f520f23a4babfa2b329f7927706bd1b26972bd8d2db65,False
056cefbc-e320-4e97-98b6-4d8e8373b685,2023-06-17,398731,177709,920277,fc9279bf5ca68807fb3ba6d96f4950fee3be21133b4b915d28c2c40539d53ccc,b75fa876750859c3cb2cdf955619c6a4a32174d96a6d4a16b023f7822edb63d9,False
c53fcf56-e224-4c7d-8530-dbdc8a9a4f30,2023-07-17,151006,367596,832576,dbcf443190d7c144ada195af184f349de818b60c650ef53e63de3bc926ede62f,acfe9779455fc0a86dd5c557edbb59250ec24b1f0be3e37613191141a7c6a2fb,False
e43518f1-62a2-4d3b-892f-2e0fcd196b79,2023-04-09,867860,609114,887853,76a74b5fa71ab1e286b5d192895b4070b8a75a30ebe5a2c07536c9e6fefafe51,ddedc6881858388ad6b7830a63619091f7687450e3ad16a157ca4aec918f1442,False
d82be46c-c25c-4227-9543-571b4100ebbc,2023-07-28,43766,373157,898708,8d7c05e8d548bc6dcf15a4d80d0838ed707b07655d5a77b17eeae0c28426bfa7,0f32a1d72e737057bc8fba8b29bbaa576f476e9457b0f812d911e02c8744f6ee,False
462750c9-6b85-4ad1-92d3-b1deab53a044,2023-03-12,169801,323853,883907,71600cda36b2d069ef5130fa68f69e309049ce93a04ffb643f43052d82918022,af80efd6b6eaa1b2a6347e32a7a2211a413855811a64a79c88b8476296328341,False
e51b4beb-d159-45bc-bf73-fcda2757f8e1,2023-06-28,774139,471509,513241,48107381382108826053d0826df0fd64db6eee661026b5cf38838c85b57dd22e,ad4615ac06ae19dac0d4c795aec7aecdc2cfa94d7ccd96111174d90abf80e324,True
11f50bb7-7d8b-4a04-b1bc-13bc583703f9,2023-04-24,254245,755947,967143,ab4f4b40313b4866c4ef81828f67232705e7434424ca7a3d9d11863f52d10c1d,9828f2c4d7cd70f4ad7722c2d1e35b5afe627e76a3c023802873b617f7f230cd,False
0675d37e-8c8e-44a9-b1f8-46e70057a7da,2023-02-25,163406,926603,587653,0131997f84ef8208e9a0aa2c8050371b4f1e641d54f97f65ba939f96df88390a,90378eac2ff13d7a3009497c5aba00b3901e144289ce08fd08a08dd8d4282616,False
3ba98b7d-16a9-4f20-bdc6-206714ade65e,2023-06-07,445038,888085,684832,019c1b10be97954b98b95391353a36f4cc56f75bbd37b856a5ebf4be51c9e5e7,7c49cf6e47fc13d6d042997244a243ba2969346554ec0304030e4e0f704655ce,False
787ab627-43c0-48b9-82e0-6ddfa7881f9c,2023-03-08,961127,342287,305863,c57f37b82e10cbc921c9ddbd7194e272ba51809821c52bdf0f9eea2325eb44c8,318004f40b6f33c2e1142c1dc5adb3c88303aadfd078e664c489fdb7235192ac,False
4e37c860-92ce-486e-8e2b-8b701d3c8d16,2023-01-05,385492,786852,519476,0448ec264f018740d54567a638f1782662ad72ff2cb68c396460179860eb3f33,1307dc4d20a393e46ce61981af9b1cd9af6f362da3e2e463e0486d682ba9171e,False
dabd2924-ef28-4efb-94d3-0d4992920082,2023-07-10,54396,501953,390843,039519ec97abf61a58e45255e441bcd86d1603434e477f7c59f035d42748bc08,d396dc6bee074628318f48bb508b55bd11fffd436b93c1c1d2d97dbd234d1aa1,False
d2367220-f8af-4f27-b0c8-f5897fc1ae03,2023-06-16,484409,111959,597054,a9e7b00e3830345cccc2425704340c630994bcfe1048912b5046dcccc96b4dd4,8758dba0e79e5c91f7af561667f4265030cb0acd51eb7736c624a8131bb54dd1,False
72f986d3-ea86-41fe-9aa7-1abe07d534d8,2023-12-26,157013,278924,297250,7f35bb5a4643b452bed49de5e1ebb9f45e703b070b655bbfb5c7c6d951a6c5ec,45e868a3a0ef6355574d2e3e46ac13f14752dd83374c569ff1a4edbf337f8a82,False
bb4aeb59-b23f-448f-8e71-d278bb720f3b,2023-11-17,27586,741021,106950,71600cda36b2d069ef5130fa68f69e309049ce93a04ffb643f43052d82918022,745feefd7b010695555dd4b19ab1813309e809d754bf45ec5dc7d80c64a6d5af,False
86ecfc39-22b3-4392-914e-f755bf0e456c,2023-06-01,198903,127636,519476,35b8cd3bd992aee61d5624b43409421cc80feeebfddb4d0ca1ac7692dc2a7797,d973ccc54d24110c2d960198c57eb4240522ac9af84748f4bd7ff33ab5ed2a3f,False
145a7e4b-e861-4716-94a6-f31f6243319f,2023-10-12,136487,116594,455318,4ad7de056d156f7667d808a725168ea05145bb44c5951ba44a165df18cc33ed2,0f71f6d9553bd51a3ea1ffdd12fa1238dc837ecfffb8552dc0181f4ffaa4fc0d,False
d31a0229-2b75-4628-98e9-52f2b9513c51,2023-04-27,410149,877428,837843,8df7491c2806163028e50bdfeabcdb710212ea6e6679c541c30ec4e28c637c78,4824229973358536693065f48be1dd5ac34830f121f68749f29f64dfc1e26af3,False
43332a76-b910-4701-a966-7852b104969e,2023-11-09,569443,744535,494553,6e9935380fcf0349470e088a386bc9687935c8feb2645846c11c4d9ff089dcf4,3d41a64043c65f84c800d600337ad9aeba76c7712e27392eb529da624e09ff64,False
68293349-a917-47f1-ad41-70d17a349e49,2023-03-28,675412,543111,196730,de00d765265c182a0651deddbf6f69042165b4d7df6084dbe106c85d205c5e43,c52cbb5f4aec3ca0df9c6fcb49e7eef55a7f5ecdf0452c976c1f853f3d1d2e08,False
38e08ad3-1881-4a93-9f37-42370a954471,2023-12-10,304534,552832,856715,2facf35f10f0b74dd9f917bc6df005f3efacddf6d9e7670b249a989cc31fe88f,8081566e0bf551833596de8548b4ae4db252bca2aa91f742d431c526cff3a63d,False
ff8a34b9-a139-42a8-964a-ca0fbd63b0c3,2023-12-01,573619,373157,702116,fc50c71dd85d8340cb76b676c2a302028c746758a887f8fd54ff27d4dddf1dac,7aeb7299e86d4d2274254590f60c2188870fb6a32def4ef43aea0bb50542ac03,False
d9f88c0e-d3a9-4406-a17a-0627a28a4872,2023-04-28,834703,207512,247775,c66c94014157a6e1ed456f7c55b03b0221f4e9789f8743858c5ac326e3110115,da572e9c2f14bf7b34e03bbb19c057756217b2c48f56526933329fb9e154136e,False
24457634-1a55-4323-8626-ec21eeb22134,2023-08-09,775445,509239,711011,1eba63755afa8de95c56dbb0c26b57d37e9ace4c7a93add7fbaac3e2ec019738,df9ee5d904b0869c4b2a0c9e58c98df03cfbaf31daa7ed28c3c54e3e3ceb38fd,False
6fd2c1d6-dfd6-46d0-ab62-460c67595913,2023-07-08,134320,470755,908076,472173d072349d66e08786768ab25799ccd0de28461c8faa7eec87429e354bbb,1998023442e6c0055a531266815b3a55047134c408b66bdbbf9ded24dbccff7f,False
f2b48ee7-909e-40d4-84da-b45dcb3f70b2,2023-01-06,680735,471764,496626,d9fc567e7d3ee610f8ba8ba0006a7222a93265ffb670d09853a032a118fa3529,cb1d25d3c4e64da287e67c32378ee177c27d507902982c9578b4bcdb27cf37e2,False
b8140957-574c-4678-8635-69967f23d656,2023-10-20,557667,639766,639010,e580972e533eefe2794aeb5095610998c0dc0e654b68fd7a8309b2ec79f880cf,3393cf083283120e779e96e35f807ac21928c8913caf4c053e1f1d5bb0d3756d,False
f22dc6d7-9bf4-480e-a8a7-8e7108dcc1c2,2023-11-05,583012,601644,116240,66e6abd9a7be79933931d3b451d81663b21d903f999649920b80cb7abd311f9f,253ccc852dc55bea9d57e654d601e86058eac0c6ff8157e52dc0ba6f1caee0eb,False
9d0dfe40-156c-4039-a22e-f1b4a9881f21,2023-05-15,946498,78154,727350,182bca88a35b4314eddd1d7d7097ddd63ee3723a84c23738685d53888d1268f2,a9cb7d520bf9ad4c596919ddf3b35c1df34c9b1f17161b02d5a9fb826d28646b,False
eeac222c-cedf-4371-a962-acb386d5231b,2023-11-07,403665,450289,270552,c4071d0cf042e70b0f2f18b32455510c7b137ec403c7ae2ba38065897436bfb3,1d31dc5db195a902e18e663c0d185d1db03bfa620de0995b6b5f71542f795f08,True
d8cf4376-48bb-4362-a084-84bc97a88e8d,2023-07-13,521101,609877,300528,95433c9baa53bbb4363ea2257fab71a9654a4c11195d4750592cc58c5684198f,70b305a4079827b1123ceae0b770d6c9e9a5bd580ac08966d9d20ae3fa55dcc0,False
12106dcc-4ba6-4ce6-a1a8-39883c5af15f,2023-04-09,775445,986991,236181,162f1b2a03102a4a7036da7c40221911bff5e542383e65d776f2a4a1dad91a6a,0793fa6b01cf7475db2b39875b449ab5bd4bea15ae2e4de785ad8f07f301de4b,False
88c0182f-618d-417d-96d7-047b1f8e707b,2023-07-17,942762,218824,561539,22b8f2d0f13df4a6083c2ca879994032609fb83048410d9f3dcf9bfeef5d192b,6d9102e0ca9012dc6ae2e32f4cb5642ad4d436e7062aca6599db7953e9b83cf7,True
e1906b36-3090-4cb2-8135-27c4a326872b,2023-07-27,573434,597737,264505,da7d8b822b270e7ba810ac5ae3df53057785f69c088889416a79996dd89b0d68,19e80de5e961acd48edc1f2dfedf5a1ddaddea26c8fb89ae99e27962d5c9e0af,False
d30f7f90-99eb-419e-b5e0-b10101efb6db,2023-06-11,675379,895915,619055,b989aad6816bff206841cf6b6cdbe3dc5551f979fb8bb2f3a0b84e0a7cd95856,e5810825b5a905ff6b8a88d42889f5e760f6ac7fa5a3fe5f2d2e2851e036ed2b,False
3c441820-675d-4e5a-8f76-eab78e6e8987,2023-11-16,155687,402134,374832,8daaf0fd29122694e52cef2891a0b490b3645a54b7f5f0e881bf21f1a002b36d,79969cf35220f26d5e8e395e76691f32c2451c764617f663c64b9d5b87bb16b5,True
0eab6afb-f506-4612-80c9-9f15ea64446c,2023-07-04,200005,556565,906186,326a09fe949acac4850696c65f3aeb82bda896c094dc64af505f3648df8c3b3b,2187589d39bc3955369b63e66a2446c98e916038e8ad9e85379070c165ddd5e7,False
bf136897-0327-4ea5-a398-0da039fe2ac1,2023-01-27,137722,290716,146125,e81b0ab6faaefc6b373e860701c190c25acce931b6afc93ece58e41bee9c3903,93b99d1f3e4d78db098e457c34249ed930feb35676bc8b089648d121b91f2d60,False
30d9a015-9716-46c2-b1f5-e49cd57c8e60,2023-03-06,82998,328702,927234,79c298d20c7c87966cedf68d8d0d9e97f424dc920344acd0e2bb37e6a6ff923c,0168f33405111ef80f288c151e49d0df6ca716e67bfe3c573510322e0a7ace60,False
fce8de6c-2a0b-408d-ad49-1911ca9e58bb,2023-10-09,528695,500550,315915,d640ad380d84a02a0b9476a5f9ef2fb0bad15a2fb24ab4362f8c1792a1b365da,29825d229436a2a615d8042bb26770596c0c2e95385b2414081999d73a578cfb,False
a0f08da4-ee45-452f-b097-27a8d38ee372,2023-10-08,554486,251678,616240,424b0219a38a633b8d5345273b347e3c37bab93da66efd43aa035043b83357f3,c6cbb38cb966ad9f1e546c90e2c63e6c608ecec0e3337c4e91de0d158b0b21d9,False
b15ad8a6-b4ab-45f9-8689-4e0bd4670b82,2023-03-04,241761,374256,495788,3cd9bc01d8fca090682bf29bc627e0ac844f6cbbb72c41b3250f20f4918c3c2f,ea46fb8f64fb2e4b6c154e89f89845d11511d760951f3d98cd592f186d68c8e9,False
8c769b51-8a79-4c9e-be1b-2dd0bf8dbf3e,2023-07-22,403665,822026,847600,83abf804f7fc8f185f9104661e8db756b86d28159258e08c12fa36a5678218a2,20377025b8281758b8f6c3474e64fec6ad918e1364ca3d1368f260522bec61af,False
c9a92100-30ad-46a0-b4f9-c962da71b063,2023-01-31,225808,736825,704443,a9e7b00e3830345cccc2425704340c630994bcfe1048912b5046dcccc96b4dd4,84c4a23cdcca7ceb29498be693dd3bc3c56ec64577839be11bba7b3e73f2cb2d,False
9b0694a1-76e0-4a0b-9b3e-5be32406fddf,2023-01-08,92449,370709,951125,2fbdffeb945bec87c6217e534044207139624176ff0c43328037e775fc5fe067,837590b601258fe0daede75ff66ddc839303724dc4b0e186f08efe9f20023165,True
7d832782-7595-4404-b867-5acd161c22db,2023-08-21,820217,638598,875086,2843d2a5930e59eb4aebdb5d9cb78318b751e8b912bcaad9ebdb276d258a3654,e8c4d7f10b8694f7c50e1bd6c8a929650a18d0790262f45bb7e930f3444cd717,False
652ef6e7-6b7f-4239-9d5a-591add15cf40,2023-03-29,159529,112620,315051,6927dced808fca6af55db5166b2a0a4f39a6b92f1f23a33395a350434e6e2745,eadac9006fb64bc79e0f6b42abd1cd05b6284888a66d62d0fabc397121b2fd43,False
c41d7f7a-a007-4079-99fe-63547470e7cf,2023-06-18,512026,237998,943518,9e3061b60199a46d40245017dda6a3ca5c6e5b6fa2614735c24126543c176462,101b9129f8b86e07bed94a512dcad009ab93dbea64da5b8185783aae7e08f9dd,False
38750e11-4757-4712-bf7c-eedc8ca48a7e,2023-11-27,91187,287744,836559,ce23149c19983ece3dcced187ce7a17c0c1a5fbdb831aa958c09d81b40ff6e60,a28b5ef7d0bcc4b6b341d08cc490ecf320e58fadc34a4f544ef58266d48a522b,False
63d7371a-e904-4669-901f-4e9733db8016,2023-09-27,81062,652129,353025,8676d126bbd5a69abcb2ec65b2f752d0c23441c8f377e57babd8a3d50d4899d6,b79e4c6f5230d1e6577390c6907ed305380060b53f2ad8e30532d7fb057883b9,False
55071e75-6df2-4a7a-a639-b1a29732fb14,2023-12-21,955569,411444,785201,883b8d24939ef12960f21684c4402011d6553446c7fd57a63365ff05929e41a9,b3e1269876639e8a02f772726f84268585885bcd569902c46304bd8cb52bb6fe,False
116dbe7f-b4c9-49f5-83ae-c6c5de2a6efa,2023-12-29,573619,883559,226872,07545877727a6b2a7bda1400eae751d697629b1b0412f8a79f378398f1369186,6bb0ea6e5ab9dc227fdbdbc2650e45f9a1fb173c37d2bcf86713021d7b094aca,False
fdc338bc-d3f2-4b30-99e2-a4961d0f88c8,2023-08-18,825659,169462,168522,37e380485e19d1bb98844660ad6dc4a14d83e09192067efcc1e28ec0c86924c0,e5810825b5a905ff6b8a88d42889f5e760f6ac7fa5a3fe5f2d2e2851e036ed2b,False
7a591762-7082-4735-a496-be511ea53a7b,2023-01-31,729916,436807,524913,9c1defb712949353c59dbc9c69ed00550acae2ae3f197f2fb6ea0f10e8c39d96,5ec70612ba26b0e4b8d3439f4f913eb2b36a46fa7b71290d4d45e4b16ba60d2b,False
d31a0229-2b75-4628-98e9-52f2b9513c51,2023-10-29,313836,99429,590578,31909c621edc85776ca84cd746ede45fd1342f705a6259cbfb35f50657ec217f,0c0e9660801c7cf6abfbb026eb2dff245cbae665bf8425dc6d0ff0c77d78f9ac,False
2d765116-fd41-46e7-8974-f360b137839c,2023-11-23,30442,287744,977876,6137c16821b2ea6676eb3f979a1d395087cb489fafe561c08cf1b80c63b16276,d13bf9d3cfd1ea604192cbe74eddbc9990f95c3d9c8eec51d2a771f9c523866a,False
161d1136-2de9-4e83-89c6-dc6989e40c3e,2023-12-09,902186,426702,845250,49010aa6a3c2e979afc6a04bf9cc37fd2e76caea373289d9aa7f25fb21fab8b2,6f168ac37be27c874eb769a6f53a1fbf6bd2c45bd8bdf454d2d0f8233742739f,False
9c7cd816-b85b-4f16-bf0f-a8314c3ae67f,2023-12-13,364809,256815,771079,215b6a7a24c62005ee559289e9a062f1becb021984e7c17512246e244a4ad997,2c9586fd40ce8c60f4c43f3e8eed734178cd41a2bb95940d47975d46c3b067e3,False
630c5fca-b52c-438f-b519-fe0b75eb6156,2023-05-17,842899,209956,430907,96b7acf9e0a3882acfc830a07fb75c902ee630fbfc575ed85bfa89dca58a30c2,ddedc6881858388ad6b7830a63619091f7687450e3ad16a157ca4aec918f1442,False
1068734d-a720-46e3-a71c-c946d98715e3,2023-07-09,930449,386150,202751,23d50cb9944ed0fd873896ddf42e664b9e7b49db2d2c26e2e2b70a0e3a6e55fc,3c3e95ddec9d9585126f0806c895a08aa7cb835da0569da20f50f9eae430e890,False
116dbe7f-b4c9-49f5-83ae-c6c5de2a6efa,2023-01-19,235991,561212,282252,a93a35176c91f96e7e308f7ddf267c8bd04ad7bb1def1aa98aef0579ef961058,19aa29e42006d931c00ce5c8f0232096ba74785dca7df559dbec534960fdc095,False
b230f4a2-a10f-4213-a3df-46f1f3a7fd48,2023-10-21,905639,262821,995089,4e6d191d2a84b370fa4f0965f0b7fa2a30e5104b14ac1eac3a2f056063b7e74f,76604e290c7145e90b3dd848d4632f17d499ea4522f1a9402edad98f67c9c5bd,False
82c49e8e-6e69-40f7-baff-51ebec3a1847,2023-10-11,605594,416079,956060,7255336ecc737f37073d59325be15b0f11c1afab5e177f89e5ae88d684ddd2ca,45f0f2fdc75e311150d3953e736caed5f210669d9f660a327b29fbd3e9c15f89,False
10dbd8ab-a687-4414-b24f-b553de3e2959,2023-07-31,653,152459,956060,392604456ed4b6b836922eb5f0b3c5b95bc15fe88d762b0f1c79af78e6af18dd,634c4c1250985689e14dba7040ead1df2dc1dc623d4772842ceefeefb44191f5,False
0eedd37d-0047-4fda-8e71-766503f964d6,2023-09-16,481673,242369,695149,0c79ef3f55fb5caac22a15449e3ae4551e0e9f446dd585aea47de0d4aa63e3ed,2d9e61c695f51645a1b15b995b43517b8611ae2011566b6405500145af26d239,False
c557c908-aaf3-4e68-8a95-a78ec3081df6,2023-07-04,559878,802743,592898,9b7ac1394a910d52d32407aed9079d8812ceaeba91dd684ed5280694bb832030,894facaf30b9d4c4a6b6ba5c3dadac85d0e602ab98721c6532f239bec237d9cd,False
d173673c-9f0d-43f5-9547-aff2a21a0e5f,2023-08-23,273922,967007,248021,a4eb6b86fb19368453c522d2cc5c346555fc50344663d14420247245504f0b92,d73d6976ccd709975d905afb682be50b3f5f7ddf927d105439da5126038a0a09,False
bd81af38-91ff-4f7c-b349-1bc34ca996d0,2023-08-04,606606,153681,169298,8144f0ea1e6290f39498b3c1c3e723c2e8b8fb0f21fafcee81cbd5794254206b,869285acb72f54b18e5e51c0d82e2c69a748391dff3cd16556220bbbd0070526,False
11f50bb7-7d8b-4a04-b1bc-13bc583703f9,2023-07-12,751552,384556,202142,0b69b5371b8e118737c327cc1f288e23f62342de2568979204233feb8d2590f1,e03113ab04ebec4161ff9c4483945161d042ac8e80241124151f6f1c457dc2ad,False
15ed09bf-ab94-46e2-83b0-8a3a985b7975,2023-09-28,338051,908746,448805,c22f7a05cec8b6218ba89b850230a84c8ea15daac8994b1b6557ad175a65bc7d,93bfda02ebe96ddd8607518f1b3ba4ec455b858c460870954b17a12f6d655196,False
10bb41b9-de48-4e9e-a5e8-cc7752662e8a,2023-03-31,623745,32970,360999,169e9831335bce1e421a57b74c0522f2dad3e22f17e283acdf38f9f47b5f78cb,8d9226f1badfe02d1c412657b674d9dc8aeec379c6b2f5455c497447637e033b,False
f74c71bd-a883-4245-8fe3-7670487e47de,2023-04-10,61429,600479,997725,9554b9931a46018675975238777ac7b4967e53ad4ff502c22d3ac84c5e734cc8,b994e1d1993624468ceed420554ec5216f8614c059b0b16218cde4ed7080f7ff,False
3e91ed86-adc6-474d-9bbe-e49e5f286ae5,2023-07-18,428085,642838,193506,4c1cbb24a8c8643526432aaa20bc10fbaf5212c228267bdfd7a47a703653446a,0168f33405111ef80f288c151e49d0df6ca716e67bfe3c573510322e0a7ace60,False
712c2803-003d-48f3-b02e-0cddedd4aa3c,2023-08-07,350775,998084,625189,35b8cd3bd992aee61d5624b43409421cc80feeebfddb4d0ca1ac7692dc2a7797,73636b8f04cd5ada310c999d97bd1f9de6d480a3402a98ec6acc95a1c0923999,False
b186246a-8805-4598-b557-f74bfe736387,2023-09-06,419416,972294,736908,0d65340499bacd5bd914fbe56dccf71c299e14edd1041fbbebe0ffd43ffba785,5949020e62b67e5a2d1bbc205de4303e20b50ff8629253386f7786e2171f6e55,False
24883abd-da9e-41b2-83ab-3f026e2cd59e,2023-02-25,35803,813199,585724,2ce812630d595814a505ff25a0efe61ef93ab2e0ce5ef46ca3259bc63b89e462,f52b1123c3f634d17b809ec872c8e61e320b80fc757bd7f64163594cb39a612b,False
5f2278ed-9482-48ac-94a3-b94a01a31b53,2023-05-27,81062,956121,323554,cd2071666e0d3aacea15cfec30bcdfa75ad0bca1646a3decb9c603d5c07e5d89,17fe8880493a1d72fa1381c581794f0647c2ea110d5702564347a15724244368,False
21503f93-55d8-4709-a49d-09c6c1e28006,2023-09-13,176147,306245,420800,ee9c5a3996cebac973dddfe492aba6fb939fe9eed8f959e1cfac5eba7b52257a,8758dba0e79e5c91f7af561667f4265030cb0acd51eb7736c624a8131bb54dd1,False
18e3cc05-56e5-43a3-bad9-9a2207b248b5,2023-11-20,88363,473837,990523,41237611d335b0307676a57325431a37c2f978e800549f41310151cce9dfb2f0,c69dc543abde269dbd06a0360181c409128f252672aa7304fd99d9292ad25e63,False
e165255f-ec67-4002-aa03-a57c77d39314,2023-01-19,347600,15424,511544,9906ed3f27e601c10f013bb0e1b6868ffeaa24d99bef63a1a5ae7d94dea27121,4fdc40c470118dd83b6310a3a1787c3a1cf19b543836eb985bb93bfb777d6e2d,False
7681b463-3067-407e-a803-2e92897d9b74,2023-02-28,766192,989747,202032,8daaf0fd29122694e52cef2891a0b490b3645a54b7f5f0e881bf21f1a002b36d,5b2cd5d85c499067289212638c7e0445fff04a3ea29c17b050bf0c4262e7f5bb,False
1020a94c-78cc-4d87-b8f3-9bee1a2c5bff,2023-06-08,567112,294115,480576,72d5ee4463cafe8f7588d463948e6b8d8742e71e7255f07eb29854416e0815c6,dac7ccac1849c9ad6888347cb51b186175bd09c4763258517461fa4ed1c020c0,False
38750e11-4757-4712-bf7c-eedc8ca48a7e,2023-08-15,239480,450883,120190,f969282cfca53044ca6b46b5c33d2df3de8d2b6cc357fe5ce342e3e211ac68d6,45bf90f9db9abd1601320abe9ff3230ca4c7bd2830511fdb141838c635c7e151,False
95f5e5b8-d38b-42dc-8006-7356a7f2d98c,2023-03-19,344843,260102,837843,fee8de7c5f7c298f403d5100a84606be2c75469c5c42a010aa7c218e73e6d9e0,2acb94f515ee547d5d71e4af1f60a72ea55d4be90cbfa0f98e1b9e40bd1917aa,False
cedee9df-8007-4449-ace9-8c0fdd1095b0,2023-12-04,295061,930686,870838,9724ecc49d68ac81a10af8c38fcf4505fcbc01fe430e81168c4f1238a97f5389,73636b8f04cd5ada310c999d97bd1f9de6d480a3402a98ec6acc95a1c0923999,False
18090935-c531-4795-b788-1a10b4de580e,2023-08-18,921352,783737,434942,43dad3e811e27bf721c2fff4fa4176005d5bbb91e841d889cc00b2b65b31a664,2c9586fd40ce8c60f4c43f3e8eed734178cd41a2bb95940d47975d46c3b067e3,False
bb9081ca-ce25-41e0-83c1-3aae43e36b7f,2023-11-19,153277,9166,674597,3e35805093e1c35426779c091ad6a03d6694d0ef4d06205635fcc6a08568f5da,2d9f14249d50e0b46168035f9a137d8d80531237f3ae8ed4797c4f07b45a3222,False
4d43e046-78d0-4664-85f6-e687882cc47c,2023-07-23,413221,438858,932866,4cec6280c5a80a0e8c42a1949e6f2afa001ed0228921b745d870e0aad467eb45,a9022f8a59c53e9e6ddc73620e25a8cf8ab821c46b2c01f216af3a6459c31c29,False
723c339e-0cfc-4777-97c1-25a55c9a5a1d,2023-10-14,254108,539644,484911,2ce812630d595814a505ff25a0efe61ef93ab2e0ce5ef46ca3259bc63b89e462,eac1407932edfd77f59b335fb681c1fb758cfa6c10daff526080874f4acf2512,False
33334816-ae38-442b-9124-b36d59763a6e,2023-03-06,580428,117552,390025,18e65b99f3a3942fde184ae9c7017775294a1e997ef958e8fbac90199b628988,b8b0f6447f880c49faa215c98c1113b763aae5eea4048a690897c04653b6445b,False
0b8219af-6c27-416d-8501-c1b21a917d81,2023-01-30,879650,116594,519819,6c091667070fa0d70b8bab92755dec7af8d9adce498d08e18c6446e0d71d6cd9,b0ae6780ad8b460da6aa4bd56a673bdb7929f9ce1410ca777e065576a96b5b7c,False
af51207e-bcb1-4c9e-9fc2-d33fe6876fc1,2023-04-03,282996,127037,339578,e15288573cbd1ffc152b54166090eb62a6ed27493e82bc4305b8efc05fea903f,d9f8913293baabb8d5aa39ac0596d00fadad4398fccff1092c04bd773c187931,True
eda35cfd-cacf-4d27-97cb-451232a4223a,2023-01-18,412523,15424,419779,32e5067950e488b4402037c4ac28f7b3a8d9ccfb433b833f5875b58c8411377a,0e862328f8d04c2e88bd922b6ab6988a7a2e1eb4d1eae04f17a83d6f306cef42,False
762c0f63-fee7-48d1-9049-8ba26d235f59,2023-10-25,586935,246982,927234,ca20c9e8263d2e58dadd47888128978c6db388d96cf85b2c903412aecc83251b,0565dde7fb053402bf8421bce723d2335297e864105d8e9ccf298fad89040196,False
22fea1ec-76be-4a7f-ac50-337dd783f153,2023-10-16,62839,471108,145031,848d86e4d7f47629f97a56e6276e43d87718f9fb19c8fd81bd046f6aec6c2e52,99051999d3468637b5ced362cef9573c8d976f8c12c92a9bef4f1c462e5f7d1a,False
4ff069ba-2274-4aa8-b145-5fa2dd0f7121,2023-03-31,123941,93728,286024,416c3f328329cf59c8471232350058930c511c8b1de262d1de4c55c99644cef8,063af97ecb20b4df3e518e4bc25fb57bbb70ae3386f579b98ac300deed219ce0,False
6389ccd7-5118-4905-8377-4a5cc00a51e4,2023-10-10,969006,327300,430907,78cd93cecb656495ee048659caa2dd0e0fd808cd6dda1c2e47f42835c13bdfb4,435b789c31cc875f44d4105e082dc1dc31d9608566be08582c08138d60bd29fc,False
d7a62e8c-41cb-4a00-9ff6-105bd333df00,2023-05-31,322955,495550,424523,7390e4b784ef84732edbb73931608b01eb3f744312d01c4422ca1d422981dc8e,2ddde6ae0f84d74c08bae3589f75e7e5b043d9a0af2397a7becabc8270966c28,False
aa671dac-bcbe-47bf-8172-1ff3fbd80f40,2023-09-04,733990,416533,519476,ba447fb87ba74cdb7d03138bf8fd13e0cb055985b2a879ac7c0dd7b1b2252002,3f9340018db6cf3fbcc625cb8262773e3461cce7e04f5cde4d44588fb967f41d,False
90e18beb-bce3-4e04-baf9-ccb806dae5b3,2023-03-15,598238,314542,808598,945711867e908051520abecfa2ba7563f2de7bf242ead583a7aa4dfd9172dd2d,bcc75c568af31fcbebe475fad33249f409d3c2984eb76a86bff3bc568fb19d82,False
a3cf97e9-20fc-4e6f-8c12-104dc3af60fb,2023-06-29,907935,941789,540349,bb287aba34b96eef734ba5466921e14cfa27de504d46c669d7828decad183724,5782a06ceacfa3b48d2a44311fd411557984655a7e1a39aa0724c9b183a0ada7,False
354757e9-8c95-46bd-b912-30686465876f,2023-12-12,310901,394233,128580,8eaa75fb14c2620e564bc66f3cee55aaff8df6cdabcb132e0b5082eb7c71b012,3521ec4cc3f3bd22f2f5606ed0fad40baa15f1e11b78097317dbfe0afebbad7d,False
ecb27137-24f5-465e-96b5-7d910c6ef24c,2023-09-28,266997,865270,520324,35224d0d3465d74e855f8d69a136e79c744ea35a675d3393360a327cbf6359a2,82d788f2d44be5fa328195e746c663b206e5cafc349b0a429cc691ddddcd907e,False
757fdbd9-1975-40d1-b674-1609da791f87,2023-05-20,570144,445326,505490,db8556675c59ffea02cf957f47c5cc4cefd73b538c6c97dd948265c6a9431eea,19aa29e42006d931c00ce5c8f0232096ba74785dca7df559dbec534960fdc095,False
38e08ad3-1881-4a93-9f37-42370a954471,2023-11-20,879650,995871,753336,af452fb4c19eba601259dda0341663e7e0e8b2f56af4a75596fae20898b5e15c,958ae91bd5c881b80c7acbfea355a4a3c66e1b4f0c3cad599cc089e7292f0fd4,False
e7b2c409-4977-4952-a3da-6a27f6eda6ae,2023-04-29,201166,355527,845298,14dd50352691012f251172d1bf31325efb8dd8c697cdb19d93ebaecbda878ffd,77a51aaead4b9a0e6efbc79f926d3e074575d42b39724e96856b4817ead26e43,False
08bab53c-3f82-4cd3-9c85-0e803051371d,2023-06-06,216288,591872,960630,24e469fe1afc5b208d43f837f01a82b6a26088c903fa7ccdeadb116f01deb30a,d2552cd126b1058b573b2b7ae91bc0337021d29a28143d577df45990f8ca489a,False
cd33d6b1-72ad-40c9-b4b4-1bad8d418541,2023-06-12,157013,876721,903087,2d9f741befd361b4d6d9fcdc5a96c1f88bddc2c7145b5947719750dae3385282,2ef93e55c687ca94df06b6fb99a48c45c45841a497a128c1ccf34843dab6d59c,False
c41d7f7a-a007-4079-99fe-63547470e7cf,2023-03-31,443637,71672,711011,c7f2d8f72d524ce953cd338b8d73b3eba1c7b0e325a7d5881b3697e519d7ee93,244c5c7ed5d7fdef87acbe428d2573668451b9364e85be4f8f90822d3f9bda17,False
5af67635-c0c7-4eeb-b8c4-63629f8185cc,2023-07-26,200005,200195,192959,62daaa9866e503ccae869f25092ecb8932c1a7ef17c05105f180d5c60638f3a8,7480cdcf84e3df9d6af22262575df290b50b08929936cb926de55263e9acd04d,False
812e3235-f338-40a7-9f55-b7dd97e00fd2,2023-12-05,59237,92998,398153,4241c69ee29a0953383ea9c9064dd17e3d857e54b45b119c9dd9a2be51f45c48,6fe0475b53a6b55dc955eb2bb1c9d7da4e1c0ba7a9745e6779c32b6eb30ec50e,False
9b365e89-2b80-449e-9178-e65374343776,2023-12-27,894925,487145,344722,495125fec98b965bf6bb73ca90ce4055f029d6f7886b573fe29ef856de4a4014,5a6debceee2978263aefe6c03c47f7b0ca47a134693948ab2116a52b4c092f9b,False
9b365e89-2b80-449e-9178-e65374343776,2023-01-05,366485,888884,482093,c06d12eb4fa5b05b010576d5b49de5dc970b044cbee972f50eddcad2d30d4eb3,b4b10a0437746fc0bd8183c103f832e999a799e7618a3ba0fea60019b46b3154,False
d2b13877-0e40-4f06-ac8c-dc298c7d4ff7,2023-07-09,371916,28597,792123,94b9d1aad046954657109ad626d9c6d8ff9696b607a462258eaf6f8f80fb0fda,3e736aa314e42c17335ce15925e53dea5f7c0185efa8d5b18aa557fc0ef4cbc8,False
fe851419-11f5-4803-a2d3-2f4e16ca0c61,2023-02-25,902186,209094,708508,928b02d0ad444e42d51029c70b1264689db499612ed63140b1984da4e53d60a0,afa561aaf1e2cdffca7027e1cfee4a5b9fb950fa8dc470e9ca148273d98f0911,False
65d8a5ac-d3d8-4eab-8d72-7ac5dee7c62d,2023-11-01,295539,295428,701487,c06d12eb4fa5b05b010576d5b49de5dc970b044cbee972f50eddcad2d30d4eb3,a97db843f399610c156ab4685f2b4989855595b8fb320aca569854ff197bd096,False
44907ecc-4548-4d14-ace5-8623ac2c3312,2023-06-13,247827,969090,778626,99975a37568a075aea3d6ace604cfd17bae160b58695c99471b731649133ab59,e925fbceb4f715066f5f80a5239690c3430c2859e6c6cc4e57bf2bcd57978bd9,False
a39d7860-5b5e-4468-8d08-9cc9e8746929,2023-07-18,925772,270871,312726,495125fec98b965bf6bb73ca90ce4055f029d6f7886b573fe29ef856de4a4014,3a2be63779da24d82e9f3c530df2b605d1bb6701bf1b458bfd056bf466acbc60,False
1cb4a521-38f0-48fe-8fdb-11b738f59b75,2023-01-12,27277,933811,618433,0137e32f67c557ba1a5439d40cbef5c38b4c7cc83e09038f1dd13d4bf4b74418,45f0f2fdc75e311150d3953e736caed5f210669d9f660a327b29fbd3e9c15f89,False
02446e1e-77dc-41f3-adfe-7406a86a9c40,2023-01-10,106163,187731,198831,37e380485e19d1bb98844660ad6dc4a14d83e09192067efcc1e28ec0c86924c0,6e5318082299a3c73b1500dbd1f088dd12525691c88a8eacda232fa8c51e37de,False
61d8a190-1368-47d0-9b56-547107edc211,2023-09-20,484749,520400,221697,e6edee6ebe543572fef6097ca0868c1176f2ae6eb9414738c09163392501f543,7bb230760fd6f68035997a680b80b4dafa417cc64be1268e648d5d4360c65511,False
25ff5e0e-7cc5-4ca6-8720-88740889f1ce,2023-04-24,946733,243982,242965,788db9eb1ed01b4364e66e1600ead01f95313f6432bdf108eaca6e35813345b7,c1580192e5e241739da96d5aa285319bfd16f253dd1855a75ae214289cf8cdf7,False
ca8f6440-8a8a-4ed4-b03c-db12a8ddd026,2023-05-18,949511,883559,243568,2b30d51e6551bf2e2a5962ceeb8f9b71d7684937f4ad21c140bf31474a8e7931,f2809c0881948984f5a3fd923f9a02ad4a4c631d3d46f4f18bb2821b8c0b6ae4,False
9f29b448-5c8f-4037-b2b5-79a3e2e5a606,2023-03-20,218540,79411,960630,f96562d1859cabe9a4b5a4e72b295bf66cea572e7b57dd17dd85dd3620f1dfbb,6ff60484977ee109df444bd5569afdbe22521db80d6cf430592bc4a9f8afe073,True
42f54972-90d0-4425-80ed-3dbc0e74b092,2023-04-14,884993,732755,397017,7255336ecc737f37073d59325be15b0f11c1afab5e177f89e5ae88d684ddd2ca,7f91afb756e7c30daef85549a5c348fb3908707586faec4e2bca69bd18532ca7,False
6fc087be-6d6d-479b-a4cb-c6749c8e2331,2023-11-22,716744,432757,172478,c637f9b02d1800fe74b8fadd54e7263b29cf77031cf17ea9abf8f53674ce520c,7371053d856762c3679d0f109fe34b6ccd11a843d74eb2ddc8fec0ec3269e8e6,False
9bf24689-2e27-4b68-a47b-46001ee763ae,2023-01-01,322105,214585,961602,71600cda36b2d069ef5130fa68f69e309049ce93a04ffb643f43052d82918022,08c0aebe303a850e69a1250bda4c264a1971dd556e7e360c91f3250f315c7071,False
2a737a52-2540-44db-8b03-123ec0685f69,2023-06-03,551992,71672,405651,156efee2f7b1e92ab8bd56378db55268dcee16c727f20065f210cac2bfeeb962,c243b3eda89e4940c3012f5368f7608ccce77d7ee1a5e6aacbc13f07d264c7d2,False
6fcd6180-ebfa-4ffe-a192-7c59ab871823,2023-11-18,468688,513482,320088,6b754eba18f0fc9b0b4e77d1380b034c34ad068dd44c5e4e98d06e5a990676cd,c6cbb38cb966ad9f1e546c90e2c63e6c608ecec0e3337c4e91de0d158b0b21d9,False
a18f7bba-f259-4a4b-9677-6f8baa6c9bbc,2023-01-11,873155,584451,248890,7cd8b818590c9135abfadd69d4e6a9e82f8db03696a7a8b591521438a59d9b03,93bfda02ebe96ddd8607518f1b3ba4ec455b858c460870954b17a12f6d655196,False
b756af10-d0e2-4b2a-8cfd-aed67bca22e5,2023-06-01,350428,73343,196540,523d91d77639c846b162e15a556ee141571c87baa1c6af8ccffebcac330d771a,7603cc01efd598884542c1e130bdc759faaa92d7a2b31db922cb92e354cac058,False
968a4ed8-0942-42c5-bbfd-1dc5ad3687ce,2023-10-14,661343,774232,852792,7eaa8b9f31d362991bb081348583cf0d49ce2780d73c73095fc68825d71c2155,0f9f357c13ee1ea02b96f842015938fa31669f471b21726f397a9210f0cb0690,False
0c902e6a-c071-4e90-8017-178c2f4d8e58,2023-02-15,402297,392746,110716,0fe0fb0ce110d25c9efdc277a4204bb75fa44ae9dd10ab7a79487c52fea2f161,28af3a0c81c6c93d1916b6aabf0909b68472123ae6e8161111b065c99e167473,False
da098495-97db-47f0-a1d8-1535367de2a0,2023-04-19,398780,745782,492966,6ecbb448e97df2153de834a1726b7185523a938c7feb03788cd372a74c802ac7,4a370ee39b334c9524db668090e14e41f73b219ee430fab9dc69ee37e325c318,True
7b008c53-48ce-4c50-a710-c4ad9f8f65da,2023-07-18,334869,459222,261787,ab4f4b40313b4866c4ef81828f67232705e7434424ca7a3d9d11863f52d10c1d,57ee74836575ad7eb24d3df5c800d48b41c1b3b979ea0071f6263eaed906f641,False
6379ef76-1579-464f-a3a4-c9fada4ee97e,2023-03-13,343912,404513,868923,4974e76d4088ebc4c314118394b17cabb8efa71739cc78c8a84dc615fcfcdba9,897dabcd3cb54ca50f716cce06551e22ddafa48b6823037c4f1d190f5851c480,False
33334816-ae38-442b-9124-b36d59763a6e,2023-01-06,521975,371111,703238,b38385672aafe61b9f01248b90f42deaa65f62389e5c2bdce9899cb3e6821bc4,28e2f7a764cde28603eec023e5579d191d655e02982bde9a9916bd22a2ffe10e,True
fdeef63d-1eb8-4991-bfae-50495528b7d7,2023-06-26,512026,827995,532122,bf15df772b206d89b5e2ba03b9ad22b0df60606e872171fdbd8e95423c391493,0c0e9660801c7cf6abfbb026eb2dff245cbae665bf8425dc6d0ff0c77d78f9ac,False
92963d69-bcd4-420d-8b48-982e9eacd9d9,2023-10-31,343629,117391,682748,77e89204a95bf537aba00f1126ae4b84ac5fedcd0b4e73846cdd5e1df74fdb6e,6097e90e005629015b8334f8c786bdb8a76f23add4b8aad85f4d72d406958f7c,False
6202f6d3-d045-4ec6-acbc-09f5fa415bd1,2023-04-14,202989,214176,888780,e8a2236dad0c276bf81be2d54df5687603f790b0ceabde7f06d084005a9c3d2b,ce88298331bb7abce66290f505de591c586e5a6f856fcbf5acedcac075f50a9b,False
d31a0229-2b75-4628-98e9-52f2b9513c51,2023-08-29,86076,868295,542241,c5cfc21bf20f9d8b79d106dfcfe23b4ddabbeef5e27b4ff57d5f2ff901044343,340d22f1db0c17870ec581af1f7c850856edd2b0957ff2624fd91ef62e0b6f69,False
36f3de48-62ba-427d-a71c-35ae23e5de78,2023-12-08,152387,858269,970920,0131997f84ef8208e9a0aa2c8050371b4f1e641d54f97f65ba939f96df88390a,beb07998f9486ce8abafd9f0b4869f8a393c7e36b3a6cc5b1473ab27db37282e,False
71998cca-b0f5-4678-b95b-5d37113f333c,2023-02-24,913801,736825,746694,99b750c2c0784ddce3ce633acd496c184b2dbffdf4eed3e60d5da64344844471,ba9659c535085f1a096815c15d6812acf5a2d7ec757f9099db72e0ae453b26ef,False
cf2cfb0e-c90d-40bc-ab1c-636edb0f2c40,2023-03-04,692495,891103,261787,c5cfc21bf20f9d8b79d106dfcfe23b4ddabbeef5e27b4ff57d5f2ff901044343,4951b4c4bfc6d277d5bb1c0cd66982d355f37067c3fe41bb53bdfd85698fcb88,False
5fe3a1af-b5b5-4fc1-acb9-a5f2316b3664,2023-02-28,318385,598643,509113,7255336ecc737f37073d59325be15b0f11c1afab5e177f89e5ae88d684ddd2ca,9dc3fd4c698715858dbf35e81a6a0685dc5d2cdd6b54c2e44733e5c0a871a86c,False
42ebf112-6c49-48b8-842d-6975f7c752e4,2023-10-05,360142,905582,510341,9c0e1e673eb5b725a7a666d5d3f8f7022db066601177a50a09c541d8f3f76c2b,98e477c65994ce61ea1d91ca39e01969a092e203102b58128f6975ac6fdd71ab,False
1e81d861-2da3-47f1-bce6-31dd07dac727,2023-05-30,782635,263148,339578,2ce41fbf7605b501196b8f42f35e1684f861e02fe0f927400547c39f86737931,5d6f62d2091fe6cafdda9d1b26e3833029f154f91122099769639bae3faeef38,False
84267577-abbb-4d27-b7da-215f3dd77629,2023-08-13,220111,546912,708508,8032a01d1200e6c2b89a69dfeb9f9be3c6b1cb65cfbd4217903da56c98912df2,f11b8b6bcc9fd6d9c43a684be4b7a7cb2f6e6037f68371a9827ede85fe963ba7,False
8218bbb9-7aac-430c-9585-3bf809deacd7,2023-04-23,201861,176641,858074,e5957e9cbdfe7fd3cb0b009cd8c65068c0d16493a62691a1399639517ac0fc58,491e729ab3c72f8721d1d1f826bd166cc6142912f9668d5d7282079c4a421d83,False
66bf53c3-d29c-4580-aa58-5cbd3d42768b,2023-04-09,787857,854733,585941,739cb144ed3cb5fc523b85109f27574143efbead04fc270c87ca09959bbcdf7f,05c456fff531afcf08e813d83bebfc0ed9e8e7df72ae79b707de35be41225578,False
d4c08586-e191-4bee-9d96-23d04f336a3b,2023-10-30,545933,311809,959760,80a0d2fb82118e899795dc74d02f6456f66582c5ae826b80d5b4b697e62db99c,a2abdbf2ee554abea45867bbd3c6fc5c40dd7449f44d6c23fc22eaf95f8997c4,False
a39da00b-526d-4874-94ec-28a4d8670475,2023-04-30,248907,370709,487347,349045f4742a92409bff491bc6e555da53917816de15063ab2a898e4b57aa50b,63270dd0fcc91bcf9f2122e7fac72b7a4f62a269c4e71126548fd046e840c519,False
25aa7175-4cc3-4f98-adeb-88b35916d5b2,2023-06-10,225522,635126,836964,e1422069299107ab130cdc093f54d39ee16618618d88193ef5e47349a91016b2,01ebacfc374212a1a55c2c8ad1d737e64d950fc7e6b0e3f51789c679235de0cb,False
d8d906f5-e039-4d2a-816d-1caba1ee565c,2023-10-16,644426,446009,714806,f3f1b920049b233394adb2398dab82c0d76ab6216efd89700007c586869950a8,80a1f620a8b95e465e3d165d111961229d1ecf99ce7d5df1a9ce17babaad4f8e,False
f9ac8323-dae0-4ffa-869e-8b4bc99e61e7,2023-06-23,843963,349949,262592,b1731203f9f13905e6c5f2407a68a64ce2a760e091adf2c30f133e3c5ac66e51,555f424e6536b25f230b83f7d2f4346b880fbfb581642879c23909cfdcf693a7,False
9e408fed-3427-460a-b317-d83260f37eb2,2023-03-13,798340,815033,567805,c16518e7d0d652bf799a061e433dae315647771fd3bc7913a5359a5466da3905,0c21aff6bf85cf1fa29068eb802597c2ac6cc8a409c295973b4e29b3fc8cb4d4,False
7975934e-c020-461c-ab81-3e6e05955239,2023-05-31,266958,154069,968438,6b78e2ca7cc0629bb9e4d45ced3acde5f3441295af3ab3dfc9315c4ee74e7207,1d31dc5db195a902e18e663c0d185d1db03bfa620de0995b6b5f71542f795f08,False
db91ecab-d56e-431b-acc5-fbd122e1ebb3,2023-08-13,592266,459634,794754,282a1f20742eee31a6f7a5b0a4ce5abcf8683d7727b4a2148d2752f18bbd6ded,885410f5ef55df3719db04227bcd4c2d96781a1f55a57bc10849cffa2880af52,False
e61a1622-3525-4383-a9cf-8e5ebcba6a81,2023-11-27,927493,921764,821142,75713165f186e0fc3dd68c7e9a3a67b40fe3b52df2231cf27316ee41a05b95e4,575b583a0251fcb375238516e8096b8dd41689769bc3fb7dc05ea792154abffe,False
9dedb878-1e60-431f-b97e-84df1fac64a3,2023-08-12,884830,736042,443930,b748bd9563821a00c2a626c1c739a4dfe1ce8a3aadd22403b2074a4dac84bbcc,d1ccfcb12d180a179b44446a2f3c65920d19c99934c97caea214a2ab1734b6d0,False
b1803af8-f471-4f3c-8a81-a7249430c366,2023-04-10,873155,799717,772129,fb7312d3940b9947268b0ae56a714c479f751dbfab005d2635280b28f24e1042,a92dcf6869a1c03787fa808fedcf6a130b0e70ee5e55dc99b63654799d6318db,True
5163791c-573f-4933-a2fb-194dfe7e7722,2023-06-25,264179,811714,460995,24a983f0784c494092794cc330a37505e9132a07689b1a4a8c1a7388cb98986c,b2adeb4dc3df566027cd929e92c4b3299b99496e9cf9c22f38e11068c5a0dca9,False
c4f0d244-c93a-49cf-8278-f64a52b7dacb,2023-05-13,24168,116351,548761,a8ddbd0e68978fd9e66e33bbd8bd14f37ae5c6e8aab1192c66081fc1dc18e003,afa561aaf1e2cdffca7027e1cfee4a5b9fb950fa8dc470e9ca148273d98f0911,False
5f2278ed-9482-48ac-94a3-b94a01a31b53,2023-03-07,92449,351603,833309,3b995f0a9c888d5400e3daa42afa9629ce1e0bd12e8d13aad4846bd692219765,e9696184b4c3cd6432a6151bb030a79652ea34d2a14ee8f605dd60a225563bba,False
b8bb2ccb-39de-48e9-9a0a-10022ffb1eaf,2023-01-06,614825,296987,241435,f567b8e38165f6deeb40a34b27b7470c5265bdc352001dcea95bd5a4d014032d,1307dc4d20a393e46ce61981af9b1cd9af6f362da3e2e463e0486d682ba9171e,True
67ce65ab-54e3-414f-a835-ef43dc191ff4,2023-10-12,311111,858269,817414,4f6e6ae53d0fe4c523894fdddc71db9ba9f159b220981ec7806c7c378d19b993,50e6bff6a28ca00e26dd9f7c371491eb22e3666845a81dbac7ab957e7cd037dd,True
c43d02a6-8d20-4601-94f0-31904a129dfe,2023-09-30,27586,614183,465397,8676d126bbd5a69abcb2ec65b2f752d0c23441c8f377e57babd8a3d50d4899d6,ed6b71c35d1d3e68a3a9a0ebcd1ffe738262daebbb7e1112dc75c12abfb53385,True
f1565247-eb6c-4a26-a0a0-4a514f6afb27,2023-11-18,531415,601384,736924,560403cc32758aa2337c41520d11b892c37d477fb6f13e70b511af3663dcc18e,be42b6b955245220bf71ccfbb1a75026b3ea3b762fbe6fc66fe52f9003f68f08,False
9971abe9-743f-4789-a1b2-4871a1f22222,2023-02-22,163325,598643,166685,560403cc32758aa2337c41520d11b892c37d477fb6f13e70b511af3663dcc18e,e03113ab04ebec4161ff9c4483945161d042ac8e80241124151f6f1c457dc2ad,False
c015ee64-0698-4ce7-a952-26bb1b463784,2023-07-15,799491,515830,673857,71f7baa0609085cac259453bf6836f050f4eadb65e01129abc5903d5398a29f7,622c03edc493a5cfa7d4c689fc208fc28fa1f3f57e936c7ed99792b52b1dee5d,False
b8d3dee0-c6fc-44f8-bb9c-6f47c52426d4,2023-12-01,266893,897921,110716,30e8e29990b6457c1720150a823a25d1f4c0eece9f07c3c577b079e4b440de16,e2a9122dbf3575d9e6ad91629b0cf51393d7308c4cc7d20ff68da90e4c36fa51,False
48942155-c5a6-457f-a9da-021def699144,2023-04-23,726498,794085,530901,9c1defb712949353c59dbc9c69ed00550acae2ae3f197f2fb6ea0f10e8c39d96,42f38772ed3cc1187a377997f260046f76237f8c669e783c44ae6fbc3d96ff2d,False
16761371-92a6-4d74-9492-3d8d81e8eb8e,2023-09-28,67120,547940,836650,db8556675c59ffea02cf957f47c5cc4cefd73b538c6c97dd948265c6a9431eea,63f43ce00563a48fe510a63dd7e89b147732ee8c4571debcdea31726ccbc0515,False
28630f8a-3136-47c5-8bb5-8a4199fff977,2023-01-08,569329,800700,154042,7d10c902b7bbc59a1a32fe1ab0beb5ed7fef5f7d850546d9a0326202788a5e1f,6d9102e0ca9012dc6ae2e32f4cb5642ad4d436e7062aca6599db7953e9b83cf7,False
ce7969ba-c2ea-40f7-af55-d6d8f20f5fce,2023-12-19,434923,496243,268795,030111d1e458f119071fb1f07a2055662d526c33e1ce8ee1fd9bc8b421ec729b,3a2be63779da24d82e9f3c530df2b605d1bb6701bf1b458bfd056bf466acbc60,False
400e2deb-ce7f-4c9b-94ad-d0680752ee84,2023-10-23,631320,668453,378194,2e939492ed3f3985857e2885df0f7d8bd66f3a042ae7e7f8d732af5f782fa303,910737ff72342d60da75250336668d39c9e9273d1cefebe111de655949a5f747,False
d000f661-a229-4be3-ac8c-f892337cc237,2023-09-28,690892,957610,554932,a223726aa30eb464d0daba8723a4669ba7f0b2302ab82060106f3b0c3691d4f9,a53ee7c3599d07176cf6b311cf9decde16ccb7be2b6a81f6179a47c83a15a2b4,True
c928249b-eae2-4fe9-ac46-263d70901af0,2023-10-08,949410,161217,637572,199d84e4889130b66d986510971bd1b06ef988d3066eb714f200dc1f455968d2,3645766d6e4c81f95cf211a482676c606e17b4b5ad4dfb0c74a3744fe13869e3,False
f4657242-daae-466d-8041-a80207186606,2023-11-19,686696,563632,258923,981d65f18f64fc9ed32f9869c24c358dca73276006965bc479b667b6a7f9aaaa,ece36dd8c415ca26cac94aec742e4a0f1f79ae041b9b76e12ecfdb4c9f6e3a0c,False
92c1c689-53f9-4773-8c15-00d0f5d11394,2023-10-20,587867,967007,175085,781d86b1f355f01c66bfd585546202615c13d1b91686e368692ec31245499ea8,deb70e89ea2258fb1df5b10945962cf798565449bf489130ba2f5a8b301dca56,False
450e1d36-6332-4d7c-a9a2-8b0c5e87d7c6,2023-02-05,4361,957635,353025,9bc9dc56d78f1a2a30bf25503c460f69c76fd2cea1d671d68f100952c03fa634,814b1dfb70bef6f8720f99e11145091e5a7e11431c6ceec67eddbcb27d1662bc,False
e6d3e05a-7584-43ff-a2ac-6def5479b0c1,2023-02-19,66570,157106,617139,ee9c5a3996cebac973dddfe492aba6fb939fe9eed8f959e1cfac5eba7b52257a,a6fc94d39846380904eec6fb6027d88b6198af1eb169b7fdbea9adfeb1d5febc,False
7ffc53a9-d056-443e-8494-2c551158dba7,2023-06-09,221626,599754,548761,1920d6bf871781c8e9b517ea1bd674f24cef035e848955e39c86219fd41396a9,d2552cd126b1058b573b2b7ae91bc0337021d29a28143d577df45990f8ca489a,False
7ac8a5b2-7c4f-4503-a380-d38b92659072,2023-01-06,42247,299380,747392,91901794ba144a25440ab13d1614353a27bab92c8a64e86a8e6642a0921466a2,48e8a8b69272a936787c47fe35926d01a0538f3a2c3bda54d0b998e8b1988902,False
369dddc9-a48a-43c0-b98e-9216af8a4795,2023-10-17,481772,325668,160687,bae8adab48d4c20ade19f158a84e5eec158e243df4f28abd0d797c2686f61f6a,af80efd6b6eaa1b2a6347e32a7a2211a413855811a64a79c88b8476296328341,False
a6956346-c447-4713-9be8-6838a6a466bb,2023-03-28,928274,430688,591445,9402eb4746e33e5cc91d114f5c67f6b662a2ea10a38f52ead229fff49347f38c,a80cadb64541a05711f17a6c2d3bf5d24716c0dee0306b00fb50908ca1ce185f,False
65d8a5ac-d3d8-4eab-8d72-7ac5dee7c62d,2023-05-24,157117,263148,555264,3c3bee1caf827bf0607185610d75ad3e835b125f56195496f10baf7913e806bd,60c977834b2586a0aad81cd77d839c549edf9fbef1a17351052f7ac1f6ebdfab,False
2d765116-fd41-46e7-8974-f360b137839c,2023-06-27,788094,375643,199427,9b72ef43121808f0a5d6580e3c68bd7427e90fb27ef5db58072442de60f73f9f,7480cdcf84e3df9d6af22262575df290b50b08929936cb926de55263e9acd04d,False
400e2deb-ce7f-4c9b-94ad-d0680752ee84,2023-06-01,445038,187731,158332,999ac5aee4eb2f451b4c4181ed36376bfd5fe45080655b4cc1f5009115450bb1,de6eb28d692cc2b53cfe0061c12b50c5419d17e7508d9f670ec31aa48f215166,False
ccf6030a-959b-4d72-9171-87d93c6ead24,2023-05-29,524075,116594,684832,862b75ec43abef791b730b0b2dda054bef7b7d323d08a268e93b777a946a15c9,6e95f8b313601955f9a6b979bf8651c4a96e840ce1e4870d93d2a49ca62418c1,False
a3bd35c4-2996-439c-bf4b-1776463f952b,2023-01-21,265222,312726,205254,d9b5b24e2a171a722b79435abe30aedc17e9e129dcecd42823f2c134cbfa31d0,823926c63e7aa4c793695f6780648213819b1b869fd25e318805125a8b540238,False
97297559-525d-4d33-883d-829980b5567e,2023-03-14,279072,181914,548761,86891734b4cbfc69f12e7ae6a1eeef72d54485c47bcfa19436319bd33e49f4a0,ca1b2df8d0af24e094dd5ba7ce59881df173360a8dfc2a9219fc881c8a29fb07,False
32402c4d-3f94-4bba-a024-05da8f3283fc,2023-01-15,264179,138861,957317,54deddce0638d015be5794973a90a82036d575797a1c164d543292f41858d520,4d3f4281cb2aed9ffe665fa39f9ff98bc62f389e80b4336eeb705902c6b4a37e,False
b8e1f2f1-552e-40be-b3fa-dc70323d2ce0,2023-08-19,182449,773761,179090,33b25427f9f55c9494bc7592e62a0e9ae8cbb4efb899e4e340998573af2ec3f9,897dabcd3cb54ca50f716cce06551e22ddafa48b6823037c4f1d190f5851c480,False
b6c48ab8-e608-4233-88eb-e86d920ee2d5,2023-10-28,669397,457861,623748,80a0d2fb82118e899795dc74d02f6456f66582c5ae826b80d5b4b697e62db99c,74d5d307158463857541550023760e574a1a7e9e8982f2e57ae3b489a28756fa,False
1cb4a521-38f0-48fe-8fdb-11b738f59b75,2023-03-11,366485,303901,765658,07e6a2cac99312f9d09d22be00e6e8fb7a6c07cc336f685f4312f2f7d15c06b2,add58c3f2382924e6cc8a49f23b367825b34ee9062dc7a969a8ecf0a8cd98c2f,False
92963d69-bcd4-420d-8b48-982e9eacd9d9,2023-09-23,756899,903948,165424,e88a87222675531f3def9b3f105c9512a23fa8d02c3114ff26fca7dbf77889d4,85a6285e2ed7a42b1b02586c481e68994c55a98744e39a0ef8de5967913e1d3e,True
8ede9b20-f797-495e-8da5-368a27195444,2023-01-07,798591,141196,415348,c2677c0955618e3ca510fa878532fea0f82d0883e538662fb1fb55908f8c6572,aa6471c4719c5234a1da8ee8c0f196216a7681b1666c939b861de22fd470f7eb,False
b0da4484-1fe0-46ad-8f44-302494707f52,2023-03-10,487593,815033,659672,f3f1b920049b233394adb2398dab82c0d76ab6216efd89700007c586869950a8,6fe8b5c48b4922b8d0119e3b6e969cf5a8ac26ce7282717aa4066408f0dd651d,False
38e08ad3-1881-4a93-9f37-42370a954471,2023-02-19,42247,713082,295310,3caba62995a5dd3a1794f27a9562afac2c37613ab40f73ce09b3982a38543c3f,b6c6aadd42838ba5e1ca3796772a83af30868f9a546f73564c1fbff853cda984,False
2980f7cd-697a-4da2-9065-be5ea6ebe508,2023-05-15,548805,371111,225242,6df5d0eeace54d64184f8f6504ae909b6679f3be4864bb4de056f5bc3c408309,c54317681193a098a3616775a5b8d88686ecd623fde59955a95c0ef9f94baf4f,False
a7fa77cf-c6ed-45e0-ba45-39f4269d11b2,2023-06-01,225808,453372,923097,4bb991a30f42b899f16ee7e14f3b803c3ec16f714f0e890051c37a09ed293ed1,b47b4b920c4327c6564022832746be94af0483152244295cd17ee8b3fdce1edd,False
44049187-9fba-48b9-bfee-31d8b3e7103c,2023-09-12,604586,983167,241051,9c2169cbf1eb94a37fe9077722b57f456c9da8b0c20d4332d7890bee6fdfc9ae,0668941897c23fb6e6e7f48819a30bf7786980032851b66c9badef2da3967410,False
42f54972-90d0-4425-80ed-3dbc0e74b092,2023-05-28,686696,328702,669843,1f2404eb94655796dd9d8690f6667d09de81dad3d02355107d9861e75180ae28,9019a0098fd65b60299033e6fea128a0fca9329103fdba857a851b2d11d8eeb8,False
b97f166b-c691-4772-8289-84a79178f2dd,2023-03-14,107204,714036,777551,fd76c8d5d5a9da2b271face2e9efe13e9eafc05975353843886c22b46879bff2,f956580a989d8c76eb33e56854150cddaa47c6ef2479292fc2a50f50cd047981,False
abd87436-c725-4536-810b-d8fea9387153,2023-06-25,569329,121861,549049,0b350e0e0541153f16694c766e4665437dc3712faf8dc58e7db41a79cd4142a0,df0f739aab59a243d3038206eed15378e7a0cee85e18494eca49b0f0140c4932,False
a1a733cb-0a0e-4a1c-baab-457d233ca259,2023-06-01,202030,539644,452528,2aa4f88394ca46e842ae59adf5d18875243fbd10980f103f76eab64e84b461ff,51a1520c99e530058fdf9ecc30e59aa9e7981cdb6917efc75cef04cfa25c498a,False
cdc9edac-2f4e-4a16-b33e-965976dbf65a,2023-10-06,786189,144018,607605,83126e8a275d5c61f8e86f5cf85699111bf80178ba2f2f919ceabcce2212db6f,3a2be63779da24d82e9f3c530df2b605d1bb6701bf1b458bfd056bf466acbc60,False
630c5fca-b52c-438f-b519-fe0b75eb6156,2023-07-20,466171,591545,739736,2e6254fad97125b2f1f955a73dd6d7fd8b7a1757f960f5b163043a84b488765c,fa4cceb94d5512d9fc643063ab5edf3f25804af33757c5417032b96391782e75,False
f707361f-fc03-4943-ac63-0b405f43fc3d,2023-12-27,909382,30987,290819,d24d45f90a3649ea15506e2ea56b7c81087c5dbe8bee874527967528abbb9efb,28af3a0c81c6c93d1916b6aabf0909b68472123ae6e8161111b065c99e167473,False
153e3e61-f6c6-4cd6-ae50-cab25c74f48f,2023-03-19,309657,42104,703840,898a76bb63b1db2baf2c0e33c918cf7ba8e1503b65613a1696b1f2abd75cfb54,745a3d4d786080597b6bc2c6f7003487992d0df236e5e31dc1187179f231be52,False
226563b0-6d0a-4faf-9f50-a21042bbce76,2023-09-17,181667,340222,250741,9d54c9f123275d9b9a9bfef139e12bfb71a5846509764a0872df118b843100a4,45d9e776b950133e3b5a69a4b775cfbb35563eeb78a1cc59dacf0817009653be,False
107bd9eb-913a-4be9-a539-84e2d34291b5,2023-01-03,726025,24635,924400,0840a36b2e82d7549d66574089c0013ba413a07b99f1c7b308fd7182be9cafd7,9d3fa76f58f566efd71030538aaf709ac7f4958cd0edae509693392a288a50bd,True
eea9b13a-3aaf-4c8a-b4c6-a1a778afb2da,2023-05-07,832293,446009,415166,d631d9fba78b0c25db5bc4d000cf12a32cd6f85213165c133fe5a85a49027bb0,94302e5cfbac29bbae38fd3e0911b45aeea73d2e66b8d89f8a61c530a7697c35,False
354757e9-8c95-46bd-b912-30686465876f,2023-10-23,43299,998084,760432,50c01601af8181069479bbcfbe911f77943244e2e95813c29744f35e6a46ae41,a5761a16a322eea6041ff69b237b60c0ee9bfbc0223fe386e1157f5d22739a7e,False
39e3111a-bd80-4bc6-b9df-c3513e9ad2c2,2023-10-24,602567,993229,856992,19aa8a9a65d501367caed454cfe1c6fce944dc26df6b20f6fdbec80fd747312d,b4184c0ca98e4e1155b8623ea87316cf518358d207ff071013ee1107fde78d96,False
9a1a7dc1-273e-4cd4-9965-fbff59b233ce,2023-02-08,299006,567332,574596,6b754eba18f0fc9b0b4e77d1380b034c34ad068dd44c5e4e98d06e5a990676cd,b3e30e885c11b065848cfe17ea8e3f620eaf17ee690263fc1b4f9d8f903966ed,False
1641b2a6-5eb1-4e06-8c22-9c96a61e2ce3,2023-10-28,910978,705731,817414,e361f0d372edda80a1ea858407b6d4a2b34199f95df1555f2bc8c7924de7d3de,becf05d302fcbd37a73bc22ad729d0eedb1932d5b6a98c632afabd52841ed0f3,False
9a1a7dc1-273e-4cd4-9965-fbff59b233ce,2023-04-24,185385,22315,385098,594ad2f0c473616f9b0a4bfa2b509c2541379b70a42130b93d8b6b4f6c6c78d6,69c5cc8813634dfc02a5bdb68c7abc181b218ef5b1fa735c1defaad6dd049a16,False
197f4ed8-1fd7-4602-9166-c89f3a78d6e4,2023-04-07,685831,529410,809172,0b5dfc41e559bab04eec7510307472c9b84c5bc2647e4018864085159d01bf62,de9066322c60049c0dc057122ec48a10118646e3591959d48b0bfbce7bb5d5aa,False
2c7d1911-bb0d-417d-84dc-3f170352e90d,2023-11-02,782635,744076,493198,779ed9ded5b29cb2512b305c572ed58e812240ba7b72620b1f1821c31d4d20a5,421b86ebb45b7a091a1bd6726ab78f1c0363336c7f1b27c0b0c6eb00ec6f4003,False
8d5b4f2d-b756-4863-9d4c-4c414f779182,2023-05-07,151050,351288,357815,d96e66d3c24d6647c4fe0454ab6bbb95f6ea611637f7bd6f4cb1ceeafc68fecb,cb0944dd8cdc178ed218bf845b617507a62e962a2533ca52a64f6738033c320c,False
a8dbbddc-de34-49a1-bfbe-6a683a797d4a,2023-12-30,550144,24635,658716,2bed91ac48fce2f8a3dea059bec637a7be8f9059b4a310780d34f9a623dc92d8,837590b601258fe0daede75ff66ddc839303724dc4b0e186f08efe9f20023165,False
1bf84119-b381-48b8-8256-b2b815c24795,2023-05-28,694844,620137,534421,bf15df772b206d89b5e2ba03b9ad22b0df60606e872171fdbd8e95423c391493,c69dc543abde269dbd06a0360181c409128f252672aa7304fd99d9292ad25e63,False
16761371-92a6-4d74-9492-3d8d81e8eb8e,2023-01-10,494727,762186,424668,8788f1ba95978819745b66807ec588850eefd0210456b9f1d7e6339b83dfff8b,897dabcd3cb54ca50f716cce06551e22ddafa48b6823037c4f1d190f5851c480,False
9e408fed-3427-460a-b317-d83260f37eb2,2023-09-16,284733,397494,237887,4185a41be2bd6361c5adfd83b51552d9255beaccc370427fc5858d549884fe8e,36ae2207a92b3eec00f5c5bc209cde09e88356952cc8fa1c5ea215dda7786aaa,False
f8e5a34e-6bb6-417f-87d7-5a41719a08ba,2023-07-16,961811,141196,818145,688018f048ad2cb5225d42e80ffd34817ad94a6349bcfdacdb3a81b736415de3,3fd75f1acc36467a521985186195254ea1425319c5d361fe4186b4ed1d0afa99,False
74da88ee-af7e-4614-9999-3b1932ac26e7,2023-04-22,580690,949524,895984,d5e67f96bd22c3c33ed8f033356ab98ee6b0108767e617f9a3056d1b5128a9ad,36a96a4a0b0d40a64ef6eccbbfa2e479fa8c5124edcf17e40f71b25a5269bd1e,True
259ce8cc-7504-4565-8e20-5b208dfd5d5a,2023-05-30,924346,515818,815659,687c3d0b35cace1d415dfbb0d67d3852a95e01a017599b8f892364bdab633e2a,e3a842eeb90e1a4e4de038b107b0caa1a80fb10c1e1eb1a95d1230a91a750ab9,False
bd294e72-3281-4883-ba67-0524b968a174,2023-04-13,392596,146443,806753,1df436c4b0cf15f544fdf3e2a74d0e0236b6ca22f01810f5edd42b8d7ca5d2c8,bb02fe82e8b38b2217f2c383bc1d3ce2d09e2c39166b91cb2eabf5ee806ea744,False
