Product_ID,Production_Date,PublicKey,PrivateKey,Seed,RandomSecret,TransactionHash
24b2fab5-e2eb-4c09-a0dc-5a5d2264e067,2023-02-17,493960,850569,652679,1466d7b2c44fe0039515968b25646ce9bc501d2306c5a340d9865cf5eac10eea,fb4c540b16ab3decd366fe8ff0f777666825a862a5315686cbd309a4833a8ef0
d3892b15-4712-4cd0-8079-bed653ea3d21,2023-10-14,256455,868134,744369,79d84f74cbc825e251a55b0b715e09c4bcbf3a5410d6bead92a213e4b3ed0e74,76c55b87fa5d6d19a15724e9e6a518e2e574dddd8892f79004565b7ff831b169
3888aea3-96db-4d0a-ab47-d352a5917b29,2023-06-03,194895,149057,362832,87d2d0da7179ed13cb630cf714a0368d037368ea2c5fee78985a6197dec89b0a,1959d400e415f1b51317ce44fd325e4c795d91e28b65108880092e60389879ce
464e55d3-ea5d-4438-ae39-f181d5799b6e,2023-08-30,311186,7953,690278,d8e8bb06fa630d16ee41bc406d7c5acd2bebf019c203e165b0dec0c1471c109c,aeff9f9b96cbab8489a33f45d425f895ccf08674a888572ff01304664fa7672d
cbd6f212-22f3-425a-af4e-a8a3490ae392,2023-11-12,737657,339910,244320,bfdcc063dda0f69a5189bddece5edab21ecb6c9d8c8151a4f0292675a336a1a7,b5594c51a7200cd071da256778a01401533fedf0ad8e0a6037cf63c905cd7c8e
5f61d8a2-f03d-4d91-b8c1-a239def36e79,2023-12-28,193143,182460,873432,ee10272cef65fe278cacfd0a050d9fee76cf23d71184c1c216c5d96d476b7066,f4da53a6eca191354b89ae611267fcf1d3217589def3480d6b7fc58fd1316a81
906e9810-d8f1-486b-b16a-693e80c66995,2023-10-17,922797,453862,893039,29a1e6f0a2f17a96240bdd412d3cdb7013d67f6dd677e623a130723718c1b983,7d8c970b592b0d9e6ac333631dd804cf58b43c453cae3415808f0dc57bc47cdf
08afa46b-eda7-46c7-b90c-94f589d33cc3,2023-09-29,307828,859132,446038,a0d4bbd6712df18273cc7a7ba4bc17a5294ced41c5b60d8db296ac357f4bbff6,213a9ecda749fa83cc17a09a5e1850078541bb31d915063c767aaa2566372054
ab5f3291-b769-40ed-8523-56f70169e4b7,2023-12-29,355449,577053,932316,91ecb43fed62b2d38162f65779edecf9b9b1d7310cf26384b8283d481cb4b343,1824d21b01440c9c0f2f987edcf2326db3f279ed033154edb4dac4b8de725cba
e985aeb5-1527-4759-b7cd-6d838b03db3c,2023-01-11,467320,34175,608232,84209408af84ce6f693da75fae66a5bf8d6a76989db8ec8b76a714b21279f887,e3e306c5c47dcb5056288d5a7213089de2ff36c544a3d1e0c67aec0631ce0f95
65d93303-9e1d-4448-a41c-d0dba989f335,2023-11-05,47600,991490,890289,2b2b7f8475647bff0b6def37ca6b9d63f71c4fcc373bbf932596cca9d965e36b,b452442d374edad4448c124d64d31098430065930c34883d3a6c13367a2bd69d
0146d9ea-f356-43c3-8f45-333920267937,2023-03-01,174739,348228,997615,51fd809c1bb196b0140626beee69cd04e97213385cb456636ac0e603fb511aaa,e4af518192f2a8b26cc322f42a9a2e4406b273a072061d2cf461b0b2e95ec4ba
12edf488-d81a-49ea-80f2-3b4497832c05,2023-02-14,634137,600325,992934,22a695a4db5d79d635309d804dd384f88f7b2de4701dec7bf9b1688efbd4e55e,283342f14f7539cbedad7d9a834db1062b55c6832ad503927fdb51d940f11407
134f2d05-f48a-4edd-80db-3738ffcef481,2023-04-08,208708,989659,471576,f239b9f0b07df79f587bffe29555e1e406a8f66cbfbe2fcdcfd97ab40f3c7f87,1a2be285c3a1962c02d0ac7c89f0f76921c70d638906a613dc4c2a4502b088a2
7c7f2852-c567-438f-880c-ea8ea8825e80,2023-04-12,854752,942968,845760,caaf4b4931c459a1cfbb77d1d997fbc9454bfaac898b1f2f8280c1578de664d8,597596f5a8b8a9a079a841270855dbf4fb8b3711db115ab061044c247329e97c
e38ccdb8-def9-4b7b-ab71-18ca4e5a2f8d,2023-05-02,586683,605858,269841,8443da638573dd2616c538ab6b546dfc1a1c870b65194d9bf40ec020e54e2f26,36cbcaa51069b4c787f70a2d6ac190b8825fa096b3e8de1176b87cae0db78c37
9bca045c-e4be-4850-9b67-e44bd24d342d,2023-01-25,757937,629541,746552,0fe0fb0ce110d25c9efdc277a4204bb75fa44ae9dd10ab7a79487c52fea2f161,f3e718509fc9b80a18ae925d2881ca73b4bb97112fa62eea4586863595299a9e
61dbe9c4-11f4-47b4-be9e-8bf0f0f213eb,2023-06-08,223137,922398,323416,fa62bfb5033aada224ab819a343b7992b6d09a21addbdc9ebce7965dbab0001e,b0c47b1e23f9b75637793f618044d4b21b36c138a666fa822d094cee40565b05
c4c4a525-7019-4f45-a1ec-170639856b09,2023-06-03,251663,912421,956673,622915858cccc84d896ef942181ec1b51f6973cc31d22d205430d50914995d72,d2385d04ab7362428e7623ce621e3d719c401a30fe984e312e2a9ad0924438d9
ee3de25d-7b11-4920-a2c4-ba3bf9a4112c,2023-08-24,469192,375337,928510,6f6ce870d6e0784afa1f2a9478561cf8732c8b2a6cc6b02aadd1e808edbc2723,a105d0665a5658c2db8bffc0c85358ef7af92638b570069c201429b3b782c3d7
7fd67f3d-fffc-4c4e-b4e7-e6a19c3bddeb,2023-09-25,490040,153489,387208,9bfb7d4aa90001b36c322fc07b05534f186cfbadb4d65807392f47d09b7a00c4,d9ea8a38c47412c41ba0d4f287fafa1e319f4da17111383e9dc3cfaa6607caef
3be94fad-f2c6-44dc-b15e-abfe7f5de62d,2023-03-18,896511,66837,315612,a16bcc3af6373501012f92816827c7d530454ecf0289f53e2c86586bebfaebd1,6b54300ccfd06cdcaf30be7306972c996841364ce177e6790f11a145e1926355
f84f77aa-53b2-4e76-8d7c-d150e9ca1348,2023-05-17,433722,802880,328830,a09ca27e88099fce845561bb9be902cad4dc0ea5ea4d1bc57b92a6b59c8dc84b,7dc84a1dc57e4892b57dd4b2b6b24b9df07748c7ebf6d84b0213713ae6abc7af
92e50364-1f81-48b6-bc6f-eaeda8343974,2023-05-07,11748,67922,342367,02904524b3057ad98ad8079d0b849a05fcbcb64d6d5c8bc49f0eb78a264ebb94,ad0d5ed0008ba69a7454ffc4a9da680cd87626721b3c93abb2878fd60a335474
1190192d-eaba-434b-87f3-0ad5df72788b,2023-02-08,233583,699670,863175,b0f86dab663d7aeded069a63b8b9662a3a27b208913b56f80fc25952433a035b,a9f4b8bdfea2c82df1af0c8e8d452a029b5d0b1cc9c5eba3c61399a95f301182
e3cadd4c-d99a-41eb-aa45-77dc424613fd,2023-03-23,164893,836417,103555,1c514a99b18b2c2d0128b5456aa8381eb050e29f7e960d001f48a46c1b496844,3cc7ae6ffba579c6e6556611dd7886ff1c64877aa8f043c8fdd86d29bf5963d3
86e8691e-769d-49c0-ac73-c84d2f8d8cc0,2023-02-15,692295,328550,603949,a5a045be81d5320f9e34c08f52ad75539074ac5d652a1cfed6b345d8b593aa58,b1331dbed16b073fdc913508ea90b99e465130bd72468cc429c5b98cf87f4dc8
8d132036-fbbd-465b-ad8f-01d6be0286a8,2023-01-22,476723,315545,416717,bbf6a2058a0646409cf4f91b7f63d3506d1fe2fc31633b7db53fe58da2fde0d0,8009ac905d7e7c6b3a4c9b7def4e93ffd0ac81f0c1247166b8a08fee5ead11ce
9ebb31ec-7eea-4a08-af52-82cd91252e10,2023-08-10,807975,88138,910538,076eac22064c614d43b3fb14be7f3af810817977e99bdfaffbe366163e102b5b,b713993b6df31cdac51c9bf7b4e15eaa15139d1193b1a6789db42e7896ddb9d7
2c9ce999-c8b8-4b5d-8b65-1b40a583f1f4,2023-07-23,738852,503200,615666,bceda78ed4399e29eaa477f9cf50db7aad2061d7587ad738f4beda19fb0e91e4,bca6558740c53201e6e861e05788d92364d12e54244c4f286618da31e85ad24e
1433ee74-51d4-4892-b092-333063716129,2023-02-10,388846,707630,779206,a11e099abbb7197a26ea912383805e1c5b49b1664dbef4819ed2ed3fcdc31ee5,40a06c5b7237e8c8ce4feb3fc05901d01258db400173da83d085b4b4a24fd605
1fd29eff-a1a1-4890-a129-f277e1cde47d,2023-05-23,62993,190916,344134,4316f596e89c3cd5db41c01a3deaa1acd13b79ab9efebbce704689a03fbad8bc,2a75b3180c1c2ab3596c64fb5156add3060e4bad75f62b7bb025933f2cf89c5c
23741cf2-5836-40ac-bf93-ee972e79ffba,2023-05-28,444087,750473,473308,2bcfd49619c1a6462528189b572fda97b8749a459275877abf3e7b1b27690836,3a6a97886afdc1da3f9efc37debdddd8766016824ff36d7ac1d37e3010d6f26d
810c216e-5829-4bdb-aac1-84841e9b1baa,2023-04-20,505829,728826,878770,4c4060df672c22458af8b8f36a9416bb4dbdcf342586a949944917fad4674ecf,51f37db3c9fa1f61785cb3f148df7ea2357426ae35f5584a872bc14919faed56
01d1ad41-29a9-4fc6-9081-4f7519aa0431,2023-03-12,298916,658395,904980,3ba923d866dc0179c553ae99d7942c4ee9df6d30f5898e5f3e50221a899ebd3c,23f92208b451e88ec8a2beb61bfc6792423e82d8d53acb9297e9869af35dfc84
0d1d7f15-9c54-4b6f-a527-a4fa65226592,2023-10-05,495168,307641,272899,0a23fd9c52f45c2bc9e5a8eb446c4c6d15524342438bde22df3cd5c8bf95cf1f,3f9a2b6a6b3d4dbd8862802c0bf8ed75d1d431e3e93b0c14f9c6c78bb5283774
50cef5c5-97ce-40ef-927f-daa38ab45657,2023-12-17,510027,262610,832134,97548dac5e0a8f6fa9aa3384efed89e9749b857bfcd84f1c6098568a1bcd1036,5d37f609d4bc19ae0b450660bc05199bb403d604c00c6162b5c0de20346cadca
694b9eb7-bb85-49fa-9ac6-072a2acfa8f4,2023-07-05,757229,487963,562836,094095db57a9a26290379bfe00647d632ea36fce7f2f7bdea86553798c4a9348,4299600cd0a0a3a43dc44b1ca18ba8de4e270f1d152fef1ec89082a558950ce5
fe33f686-1884-43aa-b8d4-d036acdeb23a,2023-11-22,768575,467132,702282,37eacc088d64819366b6403fafe68221c27d1bc9af6af811cd09098994c0a982,4fb13540da4c12e7b2562cf2cb11472be3a6e4c67fabdd88b6f9a27d59e05057
50955873-3c04-4a87-9919-fb44e1240483,2023-05-08,305663,700114,632984,e42d7c5ef96e67b876b4a2d4a2d78680d0c6ca8daf0d8e7315ff14bc109a8a34,bb8f0ad9c31d34a2155af16f1cad6423b938b56e0e0cab321ac583f78b8395ea
6feb4d98-d2ba-4897-9c3a-3ce532091955,2023-10-10,797062,686646,381173,70cdea42a85ed1aaed9fb5292702872f4d0dc9d72b3cfbe2cc6c3eec6add53b9,6382081c2779c143cf2f00ef101eedf423cbc5ca4c81bb7eae8916c98de36464
568b304f-3aa2-486b-b809-401ab79ad2f9,2023-12-06,188377,625807,625672,de579af8a7acca309b24da0cb94433a2121ad2b42ac0e9a4532066adce13c66d,fbcbd242941daf86fe64c6ea03d42bb02b76522963f08e2414aaac3ca0239a22
98b4dda9-16cf-4ce3-987e-be590a9a7c19,2023-08-18,822267,844143,510111,c1afc23ccc86f40d7eb826ec6df5d8ec21c98eb08e934856767db9f8a31d4a72,9180bb0057c48e2db7e0e3b3f60991a2931e794354c53a0a93ef1659268930d1
1fe536a8-7a8d-4eb8-ba24-2209d0410e09,2023-02-14,836547,554106,812718,1509de908e5115eb510ce18201cb40a0e9e9c24ea794991bf14f59c7e8042581,003eb68dde2305972ccd3d97e3dfc184c38dac1ed8e73c78b21e34f5c67ab954
6ebc91e4-1433-4885-9391-f2c3464b817f,2023-01-28,156763,277060,610678,2ce48a655487f2ffb3ecdd3a033725fe5e43a5b3cdca9d7c01ec0a416c6c1e07,ba62398bb12b3fb80a2f27e1264de4d66a58d651ec7ef05683683d71cf60464c
f132f7a9-28f3-4975-b10f-747033f216ef,2023-03-13,111001,43003,368082,e83348f9f1298029a376bdb9e089e015b338f6ca37230f1719c05ec058ae045d,3e4a9fba42a4d1ae7e56eb8d0560715477954ae637b481a440bdefc9b1c4778b
84a1bef3-e289-4dba-b21e-a5476e70b71a,2023-07-03,456876,869937,945526,04bc97c004003f8e0a1ead7a3bd35fd2028af2df78bc072d76b6ca103a792e61,4526991a31854ab31745028afb75e491dfae246695d52e7c4ab6ca20db261827
bcd62f45-e605-4e9f-8258-dfb0b0ac9bc5,2023-09-10,416672,70862,179151,ca79dd7cb87089b95a2a886558beec9a891bff7a3433ebcab3b63074aee5dd11,320cb10e97221111386bb505d9305bd646bdf4e42347a7a35eed6ac3b8d14196
c02bcdbc-9292-4d7a-9214-e5cb3ca26da5,2023-01-28,224924,704945,882814,9ade89047665696b56aa745da2162b05cde1c293e02e55b6faea619f0c4c5e32,aba9ab10ad3af47a1889ffb1f32222815f245c2278d1308f4388d59ad2e966e8
c428406f-b32a-45ab-b9df-96f94551686a,2023-10-24,24771,823395,230474,2e3f1b20a2d5ba83bffb48e52dbfe2ee3999ad39a909fab757ed3d015290b539,d03b8ffc0b775ce21fcc7ed36f38edab746ff3dfbed4fe3cb5260c7eae5aaad2
44269b61-cf4a-493a-8c9e-afcfa3327109,2023-12-05,351582,758569,371830,9ac75be9e3ad2fc18f8bfe4414704b86c973eb94842e8c6804001c1d1d7ef0bc,d3771812b4320fe66b6662f124638fc5f36068f151fca0fd1b33f838cd59541d
52d629df-25d9-4dae-bc2e-05e10b01f745,2023-10-16,937814,16153,753845,c864a038f982fffdeb360a34dd807ff54455f1c077b3025e63a0d32aa78e0763,466eae56998f9a2395d0cc26cde487be4048dc6a65de3ce513a399ea7f7d6c3d
1f9c8272-a25a-422b-8d35-e0498097961c,2023-04-01,384052,794648,710975,5e219a540177494de33b49d3ab960c3628ae0550f38f9a102760a212ad2f71a8,d881253a00ce88fd7d7493820c7b9f2a232a931e2be3c0c581a74391aba9f6be
b70f014e-e0fb-4098-8f8c-67bfc983296e,2023-06-11,746988,836194,127740,df25767612c3381f40e2c5f31697d9d1cee35c498b997851d0c56f8c8737746a,86d5e3572e8728c13b4b44dddb09e4f820adb938010eccb0c79ac2cfff462c39
9c993835-1e0a-46fa-aea3-a913b0d3b763,2023-05-03,798709,106493,478993,539f4accffea21694be92616e68362406a406ec2471d2d46eed1fc023e974a00,029350386796abc7e32937d7720fb2d522b63e051d754bcb4e9f37a48df008c5
a08bef71-ef04-4cb6-94cd-0ff332ee8d92,2023-02-17,105799,906536,459248,02ff6fbfa693d91fd09955f18c027b7ef316a44984d914b24b8bfefb324c9af5,aa45fef47f4a5200f649ad1e650fdd3d3b4614893edc19648a27d58515a2daed
21cc85cd-eae1-4dfb-ab4b-30aeaac03d39,2023-01-05,488903,138920,496283,bf9338ce0e8ced8546f6a236cd0c7eab4de73cd805c03725ba91cff43fbaea45,35a60a04e991448dcd57574503a592271f5b97929251c0ee8d05e4ebeedb6e30
e685b952-cf57-460a-8e49-f35f2e3e2817,2023-08-05,454934,286412,294226,5cd805890795f506601c9525e8dd59abae69a0f7a76b48e76a551b151a80423c,77fe296bd5f871600179f4e1c887a361e39f1920418d84c9f048b78fc99a8473
1b1b8712-6ca6-4892-ac92-01d00f9c0b83,2023-07-11,254445,326659,110587,901cd4955255d432a433ce3fdff21b37d09f30eae2fdb01aa1ffa4d9c9789b72,1a26a45726971a708d3764db7a258cd0801644862580cb84084161ffd2ba441e
7bd009c1-8f88-4c20-996a-9ca21c7b4f0f,2023-04-23,756948,40728,362642,368c33e460cd0ed90d4813aad1c453585e91ac9d9b5c2910ab40b3e4d1ba4796,7a22cb1a2f3fb06014448baf8379af219ad10622977f4b45cc700a92e5c83228
49bf4535-486d-40e2-ba9e-02ee64136fde,2023-10-30,365325,225477,158524,6c64b8e477c99ba5b8fd41dc52ac5ba983008485521a245e7f67c159de7c6a2b,68880e4a5336c3003d193139561e16bec76c4643fff08b64e5b1af964ed11564
67a3ddea-3ae1-4863-af29-c4dfa6354cd5,2023-08-27,836159,231312,480769,f09db9db68141754dbb2c7695c8ae8d596b701d1eb5a5daf200fa3d4738f01d1,eea7e1da6ad86d86c2370d5549769ab06b45aa806992ca0da2fd1749c0f05707
b3db5883-5924-4658-a639-d914de544225,2023-10-27,855185,215239,743195,a03070da8a969bca3d0350a6a7ce4d3f17009e6b78629b1361b3aca5770402c6,05c54e4582ae750bc52b225f54ed70936932eaa1c91b20a7da5c4acc52dcd531
4a529134-c211-48ef-b238-dd1e9ff24a73,2023-08-15,392671,724626,369518,020e99be5bdaa99cf13518a1ab518624cfe666568843d9a11a4f4ce31eaa73b7,cf4be2f7fd3adf16a0f382baf1f83b10980e136dfa770d2d80f09e11f3891814
c64c1492-7e69-4214-8df6-abfa5fbdffcb,2023-01-19,472582,93079,986917,ad09da7be70223b717864008be63a9d094708bd7597ba4a873f5efbf3729d17d,b6d42110cc4e16351d8bf9adbc40fb5d30903359a243caddd09e76b303af4ed7
805d3b5b-93d4-477e-9b4a-5b60d1b37904,2023-03-01,649154,891629,282765,9e6ac818369ee0b587221de0056242fccec969ea266386f7539196f4acbe8337,4a9f1fc8baeed94080ecdf2bba5ea844c367b8334c09cb9955970f2c8b44a4da
52838068-b20a-4882-b99b-130547ee5d97,2023-12-25,567469,864311,579775,8e404fc5f936f38995fa4ad76793017e9f43368ad1780250a7b7533e1d22ea2d,e2a07afc0511d074be8014507d4d0e1fd81d8869eb67b80417e8da88273a94c6
54e5613d-5641-4f08-8d0f-3fdce0a462bc,2023-06-02,524003,588034,707925,b411ddc0337810d7a3b3b791fab044721f5066edcdab1669ae6ba166b223801d,d2e885816da19ee171df80500b58fe0c2109847e6c7c89e0b2db405e4b94c681
447bf22f-e3f2-4b22-89f3-27514b906b6c,2023-08-09,836894,637055,961752,5881f8d56b75888ebd1f78d1dece5d0ef2a433fd2a8357d55cf947254c109bf2,9f57a474b1d38976d3776332996365b7d7228f43640b521f3b1073c11b5ae695
c2e145e5-9325-4dd1-8c2d-885d4e5c823c,2023-11-03,86325,550639,892953,05883593f433312a8b350605aba6da1770c49bcdc13aec8fbf8736c9da49dee0,bb6c5d313e9e3dc2c728667d674e45c019effd620fa610ca6e7fd49ae1d97d19
f102a43e-3778-44dc-8fa7-63a861057f39,2023-02-19,786276,564461,524241,5b4a9d5450126fbb8b368f932f1945ce11d62755d96c925991267311da1ac04f,cf4ef06a034d872da4ebff88b4c6b50e79be7b546de8f267a74283fbc4f37346
098799ec-8ca5-4ba9-9f01-84e47a954dc2,2023-06-08,614154,575702,149251,fe214ff91c1f9726dc69caf324e4f3985c04666d43df247910de182295606b0d,c89c2409023ba20484623a009185abde44c4d3a84e30b625bfd34b10cfc6b1f8
a5fd4c91-1e1b-4cbd-a675-760a6728e9bb,2023-08-21,955898,767147,192827,b61adb8d42e0ece6c76cf0a725141cf46c161c3403a67d02f81da3dcaf060251,7bf7dc8e6db615c465b0ba2490559d19d3e8528e022b97fc6daa5571ae658fca
28715e3d-90a3-43b8-ba6d-ef275e37a99a,2023-11-21,627055,779823,282621,cbc05933a0d383bd12febda291c59e27403bc13160de7c7c19f7dbc6c17c245f,07d3b30ea9f2987fd62a09eac5238703a673c3b93785fe571a1292595383cbd7
102eb84e-c87b-4b53-9edf-89a67750bfda,2023-03-17,606457,930757,307312,d6051371bba2818877079a1d5a4f470911bab44ae209d8363d0e0c5c0a5dc2d5,f5f8222792c0248932612953393ed5e2c4859846237e68b158cdd2262f309a10
e8a9e44f-5fbe-44b6-9d55-ac844587c433,2023-07-17,801909,248298,193233,d6275b163f8ec0d012920ebdc27bf62ccfec6b9a2a5abf914abeffa45cd149fe,b90ecf56f256a9b6fdccd7f544d87e5d786cd658e2e1905a7b8fc55d647ebeaf
c4817bb5-78f8-4f1b-b8d3-c0025dd51c5a,2023-12-22,392135,220703,946619,1689af6b08e86a2402bf49132703142bcb132c606450b3f9d3c09712d22a521f,3f39288c5382d0f351bcfe3e7861b5a56f1d435980927b1adb1c147e9374331a
21fc392b-a694-4dde-b6f1-e164c0c12494,2023-05-07,377362,422878,941083,14e7c2f22761d915321ce0b4bd5baa7279f7886deae49aa0972385b601304713,8b2acf8facd2c69982e5e90228036fdfa879a02645e3ef958b9d56cbde553d61
1400e5ba-5e5a-4f76-a4ef-7716c7afcaa9,2023-05-18,173089,666373,189816,43a74d67a074a931e23f48a274250c96d3fe922a7bdee2912d914a62010abdd0,479b7d412998e2540a45104c91b9393244f9d3fca2f42fad7175e6a5f3e2f893
311aae8b-0abe-44dd-9cf5-9c571563a055,2023-01-30,154895,262077,895653,19d2ffcf10c57da3f64f969ba4a9aba09ba5dca5778af108722506558d1e9a78,2a804bcfc0f34a68efa690a5431a0fb31c45aed440ca72d94713a7ad8e24ab14
6e53b3e0-ff12-45c3-8b40-f8a80ad58ff8,2023-08-02,775615,298425,638971,3b584034851f21838a92dd52fff4eb6754651763a6733e9c3ae6aff3edb183f4,f815ac31ad57395018cc405ccd4825f1029c6cafdad0b53ca6893cbaec2685d3
f8010f4f-29cf-4ba8-afc4-66f2f7b5f091,2023-09-16,291660,238762,361965,c82f6cf81d49045f580bf5d6357cbaac018f68875ed6905a3a5f2ace72078d75,1a736914780b0fe23cbfb4ca29ce4c6a90b7379432db88d0c3568fc0741f2f1e
89331a9e-9202-4fa7-a20c-5fd9519cde11,2023-04-06,120893,793217,192479,4990fc3c304573adaed93513b7e401aaadc3151552cf8fada9f8795c1be88334,139f4f6930eae0cb080c0619b663cac240d5dad61beaaca01f26771701a6e403
8d7c6008-2a81-46ff-99ac-8efd64c339d0,2023-06-09,322852,665027,325157,0710981c09463aea4b9a950f1ba92654cb08839ae9243ae275d48b58c44b239d,fc85b9210418b42405d3cf001f0cf58c457bdb19cec2d68ce138ef994b87bc28
0a571772-5136-47e1-855a-4430e0219d78,2023-02-20,200238,487153,287506,3069a0f89ed5d84db2c8d57b1d4637b31bad62178dec513a5bcba2d519cd087c,6a190997b150a08c5a54218b1ffff5fa0f8be525a72caca6c3f81aa860b8586b
438c7ffd-dd43-4559-986c-574eaca62bcf,2023-09-08,275583,898414,515249,7e95428c6dec1aedf86b11f99a30f33699293a2fc2d378173c878b42c7ea67e3,1209196535cc9fc7666cfd32dfcff7101e5175ffca9a94f8394858197720bbf7
486891d1-95e9-44fa-841e-b3730173ff59,2023-02-06,837875,689884,280504,4539ddaa1edcaafcf4e5ae103057544fd450031adb100df69d81cea21d71264a,ebd18ce49d4c19be654ae0e443bfa57f36c46289612f5da01cdeecb67cd97fd7
0f0e198f-5c78-4cf2-a56d-ef2a3ca80164,2023-06-23,205543,288740,208868,1944ed7dc4f16477fadb6370633b0dca4896fc8da95e8ea4b107263a89a34344,99db2bc161e0dfbdbd24f17ef182e27d28d172d898c4750b10b50836cd18ca88
a96ecbb4-4d07-4794-af0f-f03de9850188,2023-02-15,333687,307342,671823,0a1043a60ffa7ee9ffe38c91b62ed527aa3b39628836399050fe8e81147aab19,c504fa359a6d3b8b45499d475b47e865d07dfec4845302352a599dab3450aa05
a3c79115-58a5-4cb8-9fd2-9d46b9af0e31,2023-05-08,657854,104248,279430,c55845be85f4b46b1c801c05059c14405eb0668af47d62788297e2ecef4c0cf2,677f4e898337c49d401b007b1f9f1c1074c324c02bdf4f01378868848f06e425
f5c054f6-94d0-4216-b338-ef4fbf9bc46b,2023-04-05,526943,110291,943999,f379c5a164ee479f5f9dc4a4000e2d63fbca764481481049ccfbe96780db451a,d862a0b1069d72fb61e0019167883cdaf008eccd3a687604c35be89a9f21b0a3
0988dca8-999a-43c0-b5da-1760d9ac2077,2023-05-29,560905,901422,765736,da1ab54a1bba4016d57ba7866c7dc377f52303dd6d9a7c9737f45e6daec29ef6,96d64dc4f83c3834d747c120c55574d7c3fd93b542d7776238d4df02241c63a5
9ecf479d-1e2f-4564-b3d0-4cbec182e224,2023-04-11,417223,405261,809485,ec3dc594a929fca77ac8bb8d5d681f821ba1d466f2bf2f18cd20223d16ce9997,5cb6aabd47c023420c078c2177994df2a9fc53096848f4603263656c7a3dcf1f
5a2b2276-8c73-4f17-bb0b-dd731b309da8,2023-07-25,965088,917332,902830,4ee425f36c5a25cc2bb3db81265cee9a1d115f321a177d23db98fec8468ebd30,6c9587540e39a27cfc35f0bfa238380d8b1c4c4aa4c63e736435193877b7ebb6
0518e9b7-8b95-4ef7-8424-5a492c2ae440,2023-11-10,733927,805859,251131,8f203d1c2c21149cf37ed90967cf1817c592ea16f9dc5060aa367e9c853ee368,5a04700dc0dc6877c2f2a6dff059be3db23e105e42deedf8fc02744118fde972
ce628f1d-4415-43f3-afa3-e1ebb132399e,2023-11-22,385907,268106,195474,6c5f8eb60155714a54db5e1df3c22675754dfd577717ee8ce25563ae52b59805,dcf05d10c7d2f217d8a062d1e4fe37c34da4f255263cbb2e2dc92b51162b26cd
317db4a1-7151-4f8a-a7ce-54484f16afdb,2023-09-11,255893,391401,170761,6c41cb62db96068c3f93ffa66d2dfa5fa3e33e7644330f52f1d9038673124af7,c90f6e25b4312a53eddfd7e361d5dfdb3f3df298eabe78961fc141f93e6ee32f
8e7a5c7a-df4e-465f-ac0f-dfec9010c051,2023-07-02,978670,302413,555681,2711405eda06497a1cc121750d3cc591adf2b841bba49810af6e4c87cdc62b52,6a29e4201f3c4c035743fd81fd6f1fca227fefa97cd900feca144178429d2fbf
d57cbeb9-dc00-460a-8c34-41b65c230817,2023-04-21,89917,262753,217641,5d9105eab952ccf51e71d480356fdd5c8fe4afd3e49ab3442f49f5c332000900,6a1c48c2850d7404d60c0091ff62ac06a2c881d182de7ff2f8bde0075ff6eadf
fd47cb88-37f6-41ba-a377-1087b5babeb9,2023-02-03,652541,42256,677895,2219c3780459ce86e2542f6f1094291e2af53fd31e9cb5ef74f33b5c0f1c0ddb,81914513b445a9f9a6e721dadeb3c2d235349a6de85afcc6cc050783d58d6f66
34c3a8f3-69a3-46e2-adda-42b9e5a703cc,2023-08-21,118587,502233,728197,9a9048356921ef2ef568bb1bfc22cc6fb6b74b5450a6990d1e77898e356c7d80,38e6c3218aaca50a73407cc9e9a5162c1dbdd0f8fc9e5ae95f3a7e65e3e40c98
5510b207-d482-4a8a-9971-8c8bba9b74a1,2023-11-17,195205,374172,567160,77fbf7ffcdfa1cbd85591ef1f243f9c950651bb7dffe945b3235dae25af962f6,e56060b43625a6d16fa8e76d8ea81d0058e60f1981e598260803045fe787627b
81689fee-897a-4e1f-9112-779622eed46c,2023-10-13,5779,782916,425985,baeddd4c69d19f6157d7791e12f8f9ee84aa80f0c559967295b57f846c5e5fa1,7236c8f7411c5d65f55eacf41d5602c877982c39562330648da51825c27626d2
9912d35c-b1c7-444f-af6a-a99f6562e463,2023-07-16,58395,50793,585807,3654ce61919f36811111d1ae248a56cb35aacc1c43b347f111d5820a777a1f92,61922144b9566b8ca3175533f45c8e54b95ca7e28c52ce7fc696116893072672
e189490c-e871-40c2-b42f-b56c1346ec4e,2023-08-06,667117,964670,638508,b44dbfb8fa941fa9438f28293ed7cfb95434da961d7078fc2ab979b8acb5174c,cc95b15921d7b6ffdb48d6a56984cde84320505a8f5b5469b5f32bae82c2d33e
69ba29ff-a2f0-4de4-b7fb-a8b576411dae,2023-01-21,98585,25364,303971,d17670e5cf8d20fdbaba298efdb83c0869b45ca819916675e28230bdd96235bd,8bc6d3e3bea804cbff3394ab0e8fa05af6427ad6beff0aec87836b95088d3a42
3397844d-b4b4-4e10-88cc-288b854a649c,2023-07-08,963694,389236,699380,cf96de9387fa8a825036a48768082c4ffd4f68bc293f6aa0870798fd21286aa7,9f0bb3221314ef7f2388834c38b112149fb52ac0b873d5f843e867cee48a7e61
77ce8559-09dc-464f-bda8-53120438a451,2023-08-31,411488,741377,498678,548858fef83282dd46ecb9966f2c89268f9074d3d056187938627bda1ee12813,8b5aa7844f8fe8355cff3448e760eede8abdb500d38fba89a761840ff2b4206e
029ff8f8-b151-4432-a214-c662d8a13cb8,2023-07-02,371614,445230,504286,94c790e1886ec811f74234387a4f584c6c22ce1290d446cc6fed80acb2270320,89c903b5584b872fa6526f46bf5b67dc89500492069ed3df85fba8cc9488d354
84e9a035-7c03-4946-9430-f78065a7e376,2023-11-16,512506,9089,351524,fc614b08cb760ba681f676ed0de1fc3fdf56b86682771903dc34c65242039e17,39da93e76029258431385e21ada3de4ac453cca1c30edb465615ffa7c8f7926b
f01cb530-5e75-4cb9-8efa-deef45504d54,2023-06-05,596839,159503,901528,c147c4ff2d1ab92b16df54cb579b536a6fb8c415dda10fb6ef9cf1f33e6efdca,db6ac67fa514b537a7e26c02af2e539a146b880d5ea1df5e4f65e0c8acff2e8b
ebead6a8-482b-46c3-b928-c925109eb269,2023-04-30,144018,584228,231179,07e0e498a9884eb04d95e1045cfad02e517cf53b5c4fa3a63e4a9f8483a0655b,e55f7e60166116ce6c09d5440649ae7ad825d49c4d6394434a1241a287eb48cb
a6993c98-3793-44f4-b186-c8ddb9a4be3e,2023-10-26,244933,509423,492485,6580c72073b03ac391421ba7f029c4c88fc96521038883710cc4de9750696f76,6f114bc8347abc3dc1e080f39a13ba2313e33094efb8ffc81cc4ae2b9bb79ad3
6dbe928b-6f15-4b37-8aaa-8aa091ab4b2f,2023-03-13,744175,318384,769279,defc2c31735e78a3f290f720aa8252e8596f79eefd12dff37033f01c0f9dc942,02db37870c25baac268a69ed56a80d42cf7b2a4f9fd8ff5f17234e4bc3fb9588
720a4338-e7eb-432b-b757-8d5322df8baa,2023-03-27,919147,292697,272467,1ba34ca782767cf33f2056926d70d09ce890c8e9dd44c7fcaf29c4beb767a562,aec38e81764a7fe43b3ffd29c57d0eea1355af55ddb3f5afa64558c60c7421ef
0e7ff7db-2a08-4f6e-a407-2d7e9bc99ece,2023-10-27,2393,743774,174918,c6ff6f2e786e613d8f948e0c32c717de68bcd563ca6e2a2159f1a5c9419e247a,ec6f5bf265b562a8e409b0e5117b1b9e501c498480a574d153f44320eb74be5b
2ed2b30f-c34a-4148-8a4a-25f7518ef89c,2023-09-05,979811,520857,391793,4d24fd4df6bd3ad67d55ebd1c8d7308d76a41a497bb9b9d62424264be662ef3c,d9df4c8282bcde8e7135ad7390ef7c6f6172cb5aa00ca8c7d09fd35421733314
984d4b4e-cf5d-40c8-a335-59ee8e0f8270,2023-06-30,936016,155133,910287,38790f0dd5f1c16c339b347453bcaec1bbe6eca42e9191d530326268c45da572,9bc3de5509353e40f3a8912a30074cec6bc4325e79f8f9a9d2a315bfe50253f4
3b503e48-6956-4554-b2a7-c6fc423db542,2023-11-14,855384,386181,652859,0a063070d89545639bd5050b435d9a12fedefb86c08d0b4556a7cbe787b96593,b4d66068a9e4a838ac62cc37d87c6d0a5835f4d8845667c72be0c4e667d1b38b
ac506538-e5b7-4173-9c73-1aba19275a28,2023-01-29,182763,281935,654740,d272c713df83a7618fb23740ef1116c275223d66ad3ce4547dea801e0f022f48,19d80418c7a89be34311fcbb7c4e1e099632ae160f6016eaf0103f5207e58f5e
4150b18c-36d4-405d-aab0-811780dd20e4,2023-03-31,244265,795487,949952,1f9b3667b12bb85d4af9f342facdbfb6ed21438ee4c14130ab609a034faa6faa,8790db5a951c1f71c9efceca1cb79299e00697f0f7300239d73fb223c4c4afd7
1ad61247-5b41-4fed-91ed-7ab5ae6e634f,2023-03-15,511439,966146,488907,ee73225f97166b416e3eaef4807170ac295078d3539a671993a67e3ea3127c2d,0ac24df0265eeed6355d4c71700ac460a8500e63ec06a640e7fb2095c1c3216e
bae25622-ded8-410d-8d77-3a613b029d79,2023-01-19,35709,251125,678457,8091c2488bdd4308772c86317949a6375e99a4f7ee72a993e549bd9d968f6864,ce43f341fd41e6c73f604909916a2551123a462465863bce5a8aef8d2d115806
cd281c02-58ab-43f8-8bed-dbe6bb322dff,2023-04-26,688843,202234,173165,12aed34365ed45461b87ebbbde8114738196e0e8e2a30aceea601d77ac166d00,a66714422095be4165765820f3621d650ab5a53c08fc093d4e5d8b06bd4779f5
0ce32301-735b-49fb-9c50-6b508ab06a04,2023-12-14,781693,641862,439654,016c001481b64d8e3aa10f796cee41338715331445a360523bd4a59e6faba359,6e2d77c8b39cec79d1b29499e0103e83c7143b3a74ecc0a62359f0f61270ea77
22e65348-4d40-4a0c-ad3d-7fe39a4b3534,2023-01-11,289247,11816,750965,72f918f3637671bc671c9136051e30a6336f8612de682065f5f064c0adcd986e,6deb9712c27cec54370f4cc93b3f2ec6ccfd488281cec6fb9aff303ccd2d9581
a80e8255-9832-4893-8a4b-4bbd191deec7,2023-09-14,657855,942820,942748,647a81f3e8ff0503efc5fcacdd55519c2602f580fe516f65e169c43257fba85b,ee5e966250b546896d481d4b3c3c4e93e57ca5367d651e6fac95bf4b97177936
11e985c9-26b2-4c8d-87c2-3c59ad99eefc,2023-12-25,16719,804726,354842,68ee60e25ed7994892dfa45324990ae7330706489dec9ba01156ddec8e684adc,40c7dd863ba25a51f05f3c2493efe4201c0a0e55dc3dd051b1e4863d61d3695e
7012d0e6-6d39-431f-9195-e56b584c5167,2023-12-28,860789,553020,359786,30cc97884720141f6892b83b5a43cdb388b11490185743f937c20687fc0693ab,7166ac24ec29acc398d84fea515b9954eae208e973b9c6df2017f905bfca5e08
05c1b1cb-188c-4dc8-85f9-e3115936d2b3,2023-10-01,864595,114363,972266,0c797922306513b186ee1b86a43afdfc15bbc571db41258fb22b14086c63ee96,eae3d754f91e8b57ba32892de277f74f907dec90efa44d249ee747fe0ff82e40
e23abe50-67c0-426c-ae62-4cc830f579ea,2023-04-13,988154,227094,500328,ec722204ed4a7ca442d4a255b96f87cda88549c2ce3b72e2de4239313214c089,a9adf6ccda588b8f3a7afcf7f3b56fa63d854376cb8e04d2838ce0200ca2622d
bae6e668-a342-4acc-973d-88b6ec996a6b,2023-09-29,755026,687098,462510,16c3f64e0b71a3baff737d8717a16b9b0c95327c1fd47c6d130c173a50a26c19,003eb68dde2305972ccd3d97e3dfc184c38dac1ed8e73c78b21e34f5c67ab954
77188619-5697-4d76-b3a3-d395fa4edc83,2023-04-02,519653,68273,106959,e67578df4b66ca1d8e706d9b9d24845481cfb8418a945531b10ec3a94c897bce,93cd77a70d03eb6010cb040963bf9482e97853d45ccfba7071291d6e8d93dece
508c1fee-1add-4861-9bf2-539fbd0fd5d8,2023-03-30,71855,180711,747670,78490be0c2a1aa0771aaa2984441c1797948df4bb970ce52d36319af9cd91181,bf2798f17014157d53e9e63b83aed26a5dfa160296555fb689a77c2385cfde2a
54400b49-c3c8-4438-b5c1-ea83d8eeecfd,2023-07-30,428001,536597,805246,7437fab86cca98adaf321fea6713116232b48c50556e76c8e79ed266aa09ec87,d93d6e6a9a5a652172f7eb4bd479654fdacb46459797a4ba14be47c37f3929f0
2c6542ae-8195-4da8-bb08-f5fab408a99e,2023-09-24,751581,45118,275123,7085601eb4aa5b2c6bb0aa9922c1ee11a08dd93de50e25d510a9591ba4e6a0b2,2d76c086944f058406031263947cc97f35c2551d193723614fa8a0d19fd5c46f
67bef065-58d6-46e6-9726-1182acdb9556,2023-05-04,809609,821541,627661,053ffe88fa2810e56574a4ab13b93ed231893198a6c9def81b114f42ef31a50f,b687ba87d201b6c6588189b8d709e86bd9cfaebb702e27be479cab04beb6e28b
c3cfafa8-c05a-4707-ba62-374626e8f957,2023-04-26,682057,866773,114342,d25bccb031f97c38c6cf01a5a9e8d7cccd5e8d83f29dea42b56c5fa978cb7548,9190f57732c5d9f391b7bfcbb56a715f3ba4cd28b830ccf72e0047135816a7ba
176b289e-0859-4fa9-ad45-32da9a483437,2023-06-04,979192,924037,410384,0ac9ba29afb75fe058e636e99781adc3641bdcbfcc1f01aab747e3309bd76cac,a06ce4215dc9c4c2196dc66468db1492cf006e36f3ee84cfcf4ec4e5afe819e2
9f7620d8-744a-44c1-b688-143fa5004bea,2023-09-16,838432,433226,776519,524a18b1f90756c910a8fefe7b10f9e17f24e01c4fcd88060b22512dc4c95c80,4be347343672bf07a2d169b6bcf6d1070a73295445de1da71500c79bed70a323
58f2ff11-3730-4c43-ab30-493f5f2d55a4,2023-04-15,29376,237000,272443,64d95a76630e5f624f97a80b119f47f73bb945a3f617ebf1d187c4af4b693455,0abdda34017cbd9efd67e545ca10302e07c78ca66951570caaaf625cececfd20
d989028c-9a40-4dcf-b4c2-dceacfc0ec73,2023-12-18,454131,737760,381185,f28301545622c6d72fc398b6a1a20c24108b528f88a3e69c49fc8a10b400bdaa,c8e1f01515849d0788203852767042d2a3d2d4aee45ff8fdc1743175626c64ea
1ae8f458-677f-4ef7-89ff-c463563e8b50,2023-07-23,358939,982496,910921,f506087b80250386088c611d8725457c73b09e5fd121814b4f6cf20e4ba41525,58fd14573055368bc5ac9a3e9fcd088e0542378086379c91f689db12256a344f
dd81dea8-2132-432c-b7cd-8ba7e7d1c3fb,2023-05-01,909940,283097,982200,53f8a1def2a5075e62ba24996fc1e5f2cc2a77978ec6dc993c7bba56788d1198,77db16f4d4c3d29e379edf0d60ca6d4872b4f2749465c41b0e91a5eea0474b66
3de359d0-96a2-4570-b807-54af167aa67d,2023-04-22,785221,23616,123702,c2ef64e541b69aeb721f8a1694473fec444cc72d9a6615567cbc23ff05a0b84d,00f89da2ea7043cd6006234d3276fb560a25d422db28193955121be85c38058e
14a17a13-3433-46be-bf1e-bd65763cc180,2023-03-29,608573,634619,609369,90a26d90559b9a5c27b968534da795162cba0572242e0220f88d5570fb9c5edf,a29d4553d4a42d993c9a7e84157e3f97b0e7253f906bac5764f0159e3f487804
37190be2-482f-433e-919f-6c10eb2afa38,2023-12-15,772192,727947,278182,9eb06a16b7cc4d513476f3d61c8714a4889fd49f202283b81d49bc193cab6b1b,c44270a4b3e9682968ab9f8f4e3e601e7147f1b849f4295bde5d5b0387e7a1cc
459275dd-abe4-4a84-9593-9989b33a5041,2023-01-04,616375,163637,401719,5d233e40a6e320172b524247827019726db7a59928a9823172507493f9f9bd86,22cb6b2202137ed71e5515d7781fd99cba32c686e3b24e52aab934f064e64a38
79a9b2fe-77f0-4ad4-8172-28bf351632cd,2023-03-19,705936,487198,564837,1c3fa18a8852035bbe7f558110c3746ec7098418738a3d65a092acee492c5ecf,87fe0b0a1cb53fe153a75f66bac1defa2d9b9f383db4bfcf3d52fee452bca37c
76dda0d3-8bc3-48fd-82e1-9afe02a5ae4e,2023-11-01,704078,896472,544983,3d40aac4d371367f77a890d5746d4c8d2768d9a70d1d10f3f01eef5a21bff513,a287de073cd101bbfce7de73172a232c24d4aa4d6f60f56d78463a309b464769
8318152b-62ea-47f5-a667-e0f1419e9b81,2023-01-01,907602,404356,436421,1076f17eb28b772fbe444360600c0e70b98b167bad3b992da09dff479cd7dd8b,063f0e7b3175220f4eeda1ac32c8d55ca5ef4d40e7f1b7f2367491b7eab2bd5a
fe9f1190-5c57-4b48-8512-80777de99ddb,2023-05-20,45297,155115,476868,719ef8a0d9ed6977b6232fd7c1f75ed16f76f81715bb44fea9dc738cbd73c6ba,bb3e88c36ff43dfcfbb6ea10b373acc181f0c9b4e33f49e71df8599acd3a671d
1e73777b-17c7-4bd5-b024-47627cf24f3c,2023-09-29,436969,825973,996088,448dabe9976b66237bcec6140a4f9ddbfac4e2079f065b4132884752d31d7e40,5ef017e1173a3a475b2e9edb25d3a35ec665765c5e56ce8f376eb1735a414328
a8c063d1-149d-44e6-9ceb-bd17e0a03445,2023-05-12,142285,376325,684648,ecb4504a0ecf256a4dfe69220bbbf3a038f62170b9f567394412c141b2eb9da0,f886a2c1186d1cd9d53b983324248402b231f59dd76a8e2246d8eddceb7ec26e
0bc84a7a-f303-4633-95bf-302bc9d4c6fa,2023-11-03,44137,868660,443276,513dbf7531bdef629307cc432acbfe87784ac1598377f0515ac8e1974431bf07,acda125afa37a010f443131f342ed7998ffd8988282c0402219f3abbcb362b00
6e0fa533-66cf-41c2-b038-c59c888d3aa9,2023-11-01,591423,114481,606544,430cdb4e6fdfa5e460b1f71d9878ac588866eb74a992cdc718fa75f3084612b5,f80d75d132001c73c8d6715c06b207993b3da2729b9981ef1666986cb773d4ae
611734ca-a4bf-4c63-be4f-ffc053fc7da1,2023-09-01,870616,338247,724570,c2d347ad184fe8dfcab3b9ae702a5122f0b0a08920fffe24c5225d72b3662f34,8fad2687cb58d9c4ceaacf6b0b0c3c35a5b7c3a8b34dc55d86071ce2a2a4abeb
30d57d5f-cb52-4016-9a6f-d20824bdd03d,2023-12-21,475801,747024,143198,9a4698d1a02c5735b49ad55aa4e818bd14f71d66bc9ad451ddebd336e83983b7,20d0e8ef7039cf35af4f7450168711aeeef34b0773694ff3d174927f04aae292
0d107196-0a4c-4642-b960-6c231bf031d3,2023-08-20,438974,720795,520517,f81bc48f86890eedc6d3ec80f10cffc6731f5f230053bdcced659ac4103bfa8e,40885e728123b0051f936717918f18ecdec31bdfe96f84b60a9f1765210f1af9
4195a3a8-0c29-4b43-b17b-0b5a2a59069b,2023-10-05,289131,880967,201767,85b0ac1c15ad95e033bc220153f1b37c69f568e3abe3eaa9419a024c59f511e9,0b61da24775790f732bf9e11d5bcabf0ba497216121fa16578ae410655df98f5
8ed0ca6d-109b-48dd-aad5-6f8d8fd08b57,2023-03-19,676415,854632,719921,49fa318732c5f00ed9775d117073b4691472559eb467075b6fb2570dafc7c5ba,a64be40cf4a2e53f3d5ba118f74ecaf3640ab3e07b19e7985693d42c5109ac18
6cb3cc1d-124c-424a-9982-33f49693398b,2023-11-05,215426,258132,190613,5c4f327f39aff0ccc2a1a14fcfabc0886c9b0af447448d168d910ea4c94c700d,212cdd8ce6e8b40f57926154d5d6e1673048f34dd8afe521d918606511627f3a
e3ac8c4c-57d3-4e53-aa63-138684e229a3,2023-03-08,841598,621426,743549,1c18d30df47d9ea4366a9351ad38321fcbaa72fe7543dc51ccd05af9f8f3f669,863b667935971120fcc00f20f3312459e2c08e0269a29ad259732d6e820d1c55
88c4382e-3639-4578-bfc8-c5cf4f29ce96,2023-06-12,695167,522454,766074,c2dd26037ed6d8ea72f99b95d1cc9facd614c7d969e818c38fb485b7e666b950,a9b1909fdeb31e599e7f81131f09d971042029b1b31a93125a4ff76447dc40f0
a85e7d6a-d8bb-4576-9cc5-00339c7b956d,2023-01-04,727835,237676,165213,7d84115810df0228b85f46559f4036862c6ea7be52db48e2a7ae3bdd708c8a1a,dabc2a82d7772fd0b0a0b8f3d0d87531e12342756e7b7a6482170ef2c83cb86e
0a8a0bce-73f7-41ca-abcc-140bdd455966,2023-06-04,950125,448329,811208,f25006114bf293d80f50f330aba8993a3b0b94a24db1913b7f69c9c3cfe75cd2,cb3bb3b6d219d30b3b284886c31ffc6605758040a2e7f1941fbbcbcf7cb798ab
472054dc-3439-4df6-87c4-67ca20b4860b,2023-08-06,348037,404939,676660,49d684537f2d193d89bb79cf4dfd04b7f65ab02e2ffd9d4fd47a6381e850c76f,b72ae21950486cd6658bf38ab01fcaae26f83b76b1c18bf9fb2143b75431ef16
e3970d78-8c11-4868-a671-8d103f942c49,2023-01-07,149054,149629,424347,cf7f6b219c0c9c2712875a06657f6438003b108b21203acf37adfb7395c99761,dceb70c1af1cb86140613ff8cab6ce7c6a2e5d95408df692b4261aff2460b654
67ba023f-f7d1-43d6-85ec-72073bb7ae72,2023-09-14,112901,56651,577604,1f619f6f6cdfe444faf994725337bd976723ef8babe35384dfe49a52b2a9d293,fbcd8c5df229d04a5257427b551924feb4d4593d40ed6c989662e4b0b2475129
39bfba1f-2130-403a-8ead-324c129b87e5,2023-05-05,583488,5783,176290,3787d40a1675886de1326ec531c31a741c3bbe1a9243e53730f416a9d0192028,b20649af16d8b56e02db2e46569db1091107f49d18504aa7789344ef57ac6ecc
9b44c119-2e29-49d6-95a2-53eef00632f8,2023-05-28,228607,594942,291217,e4431489fe17fda2f4c60ac50b46743cf5625e1267a00af9718b10077ec18f0b,97f1e4991bf241dcdc9ed6af28fa879406d4d7e6ff0e8554bc847f1a2eca92a8
9d9bf916-9d71-481d-b9ba-5d0acc4d51c1,2023-11-10,438317,90850,204134,d54dc27fee09af6dbbf8a0b1d643274d44e7a7c5aa4347ce209faa13c5264fe9,40f311e53172e54c8abcd65dc6b13a72bd693d27f583cd662e799c04b6408fae
ad8dc145-31ab-4c58-aa6a-3a4e4f796d63,2023-06-07,257310,381963,163511,585ad583d55f5027b16e67104de82df46005b0b62394c0cf2a712e47cbe7d78a,2a10c9b021561aaf1a7210192cd59f23b30ab46e21533418495253779a309f6e
d7fdcaf2-2b1e-4699-8ac9-3420b6f56ff5,2023-06-05,595836,188703,610938,b83f2e6979c8a8236ea8429b0f250502786bb7e9f9975c3887c6e8e1f3f8c2fa,fd9f5711930169b890baa77334e12f7122935e66aef8574fd50fe876c6fb22ee
2579d320-5546-41b0-b6dc-4b586b2440e5,2023-03-18,807158,795970,947129,f69150ae5ee7e833499e26d8f41b8ff334fc8fe07c3f22e0f4a495c6f9645fd2,036196c1199d33ff501f98a5a7ff4abbb0fff0c89919e722c1270ff46720f7f4
1e02e556-3833-4ff0-87f7-8a69a181b0e3,2023-05-08,482801,389901,327398,3de5596e64bd32f300638831e3e603ef4d16f16aa3f7b883f92105569009b76b,9a0af4346810a82f4fddf7d0b583a7d6584a72a407554026a286bee91fa55cdd
d2b38389-04da-4e3f-92b3-38b3f94094ad,2023-01-03,746385,374319,980181,1f278078821d9ed2ec764e04202d1d035582799ece63e57ff102fef50d332b5b,dbbb105c9c49d27597a338ef4d88294fcf503e4aac3d0482417fc1a5da5cfb42
7e5bea20-5cef-489e-b76f-dd3c31f01440,2023-10-01,385745,55755,976759,8b5272280bdb3347668e0941573942a41cbc8a2a39d5822928dccdcf9919e8ba,9a54fe5965da3c867bfa6db82270a61f48205db7cb765be54618404fd63be465
61f8884f-6e7a-4c88-bcea-fac87dc42d17,2023-05-17,963328,783393,273466,51922a7aab1bb6512eb3b5f2d77ed54a3558a101e06f4b8c1cdae1b630b6e104,3e3edd7ee425f120f91d23a5a9213787ddfdf73144c5389bbf21615b3be93660
284622d9-83c2-48ac-aab9-0dd9ec4648cc,2023-11-25,32543,536521,927028,29d9627d9a040291685f99c7fcdab412108bcc1abf61564bbafd1f1bb9eec317,9b6089466aa53f1a3a1f37cc8e2fc3658d4da9cf6ef6cbfa5a88fc39e3f19f30
6e755905-3aff-40ca-a79c-3af76938dcf2,2023-12-18,761724,246787,533776,e491a36eaf5017e822d8b3d4142bafdcaab28cf55eefe5110dccf341233bbf6a,137b83c8981a5e9ec5db6821ba6fae55760b64c432293a68f24ad22a232e83ba
ea1e5f7f-e29d-4b37-8b24-b21f16869462,2023-10-08,776572,63720,367093,0fa0fe667bafe03b5a10af71a3fbfe1687437c25907734a53b996d30e79bb704,797560303bc65ce1a8d6492431c1fa12148e90c7472b676145732d77a62573ac
62c29d28-ad94-4b76-9313-63cfbea28a3b,2023-06-05,391098,897650,423537,1c22fd73090951d4800c4771ab629bd34c3b85badcc4c88ad5ac78bae166b528,8dac2aa1e39903e3a8765032848e6f4917ad8eedce02f66b8e6097abd53f5193
763e0e44-189c-4eb1-9269-4b146494f1d1,2023-12-04,60482,38233,914584,33ed73cc729f62918f02fb6a2293810efb63a5a3f94c8ba837eec2821c834d6e,082149f5453e1b75edb99102a2f6d3a953f52392a53244dac7f0166a10007932
cd345350-90b4-4376-842a-6dd6aed7c19e,2023-04-05,75090,934985,116232,062ed698f795ecbf43bc25b8a37d50c2ae15d9ce797abc2aaded03bc03cd187d,ee189bd4b83894a7cc4ace9eb94c8310924e86262db9e43031a97e067fce7e93
19df2fc6-19ea-4c8e-9b85-88963d5a8913,2023-06-17,541162,746288,927351,26c40a9e4c0b2061cb27623abe7db390b71d25e5406c25278f76c199ff0f6c87,404dd70748856a591b949c24b916fde8a459205050a0f66c2fcc1b7ad631bee6
2bd87d7c-0deb-4f7c-b687-1bcb67f0cba5,2023-06-25,711803,823053,779229,388ed5512e91801b0544a9a49b21b890ba77bd9760a25e3d1b3019006ab85bc3,8e3a5dc4ffa5d12132eb6c169d088891bc806489d8c41fe615e5a4b4fad7c553
2ceb91f5-84d3-4ba3-9295-c4fce9bda3d0,2023-02-23,574042,153039,900377,b05071e37bf95fdd2ff78ca65e236332f7f5476d91b2d25105f5982ba3e28f96,a2044fcb6b8f92a51ecf22aa998c29f4cd73070fc1d39c3aafbcba2687c938fd
b1240ff1-b26c-44ca-b98c-33f231e25358,2023-01-20,809808,416937,622048,ecce2944345f40a92ea11410f75350e8b9b3c6deeca5a04b6a4a11d1f175cd55,57d71f18f1933cddbace4b8cd0f08d97c43069a96ac7fab79a31719894ceee31
2358d382-a9aa-4f34-adbe-44e8d20a015d,2023-07-23,970616,642558,963887,4a4b0d006d98f0caeac78540258564a6e09cc9df1bf94e710c68550b7649ece8,3c991a6134b144494fa9fbe2173c0e880e5a33cdb0301d2401b7419048ee7f5f
36683aa9-14e9-4196-b05b-c00a82cabbe4,2023-10-17,244724,978464,789519,042139d05b022835ba6adc81cc8d66e447c8b95d2d0c3e9f978b08221073dfe9,3f206f1771dc009ff3b41a8f8668bc22374503c6dbbf9fdb17fa800ca46264b4
db77ff44-d05b-4d2f-9629-b2f406119cfd,2023-12-07,462979,294413,620985,f30b86d34c643d4e4cfaff397eedbf3dea34239941bf3e31110c5d22f86a5643,d542c72200d6996bf8be076270797f83d2c255e65a5151fb7264216ffb420166
eb1ec3b8-c050-450b-bfc3-7f77137e3509,2023-05-15,414857,335336,910971,65dc6b661b29e56061b8dbeadc1474359e2be05c86de1da60f15dddfb030ef2c,10a15d49b0025988341b0dadf31db84f0d663c66145e99fcde132efd2aadde05
900654fe-855a-4b74-8000-7549c0e0837d,2023-04-03,486705,228767,626715,3239e6c190682e6ea4daeb3df92e320a2c5ec91b19e28d45901a9bbcbbd56b5c,4b62a6a9b73948a9f0645fc37082469a51a8efbc50efc5a9398c74e7d4bc19ff
826f4e51-a771-461e-a320-16085b2d7776,2023-07-04,200008,830301,463614,bce52090893fb60eadffbbc1560fda204c0884f8da161a008a14882de25f617d,1180fbd6ba7a849d54bec2c6ae6b3b93b40a12c34ab5305681a219d83e5e6a19
7df9b077-0f72-4479-8111-ff4acf70028b,2023-01-18,476689,176590,723939,71129a4171ff33050df226412d034e1d37d3948c0f8234c481a1eb05297998f2,16192cb6f628d189269d661ab4ddbe7677a500f4bb2834dfb4e869070dab17fa
b5373744-e252-40ba-a061-5109e7f0de3d,2023-10-30,854784,200815,262904,847fcb9018256d9da0a9f9eeb3ddc60aa52c2c16bfb64d9e2bd73837bc349caa,bf7261fd5c8da04c474f9f4f44dd7464952de228eaa9ef26bfcff7bb3107124d
61190eea-28f2-4fca-be60-55f0fcd3e260,2023-08-17,303382,744653,681599,109091e685de8e9049be0fafbc8a08b2e26cf35b9330e53e057309474a219184,6bb0275b405fe8e47ecd437cb450e8742bc100fed101a5cb8d7a448ea0bd0cf5
04952d93-9d8a-4d03-9a24-d7957eb4ae76,2023-05-02,547848,728357,930947,fb6f1ea5fc528bf1619e906b52632777671adcd17cedc4e8d73b4e140be5b167,717855ffd88eebae0bf6f194bb58cb8c31a69d07174ac18d16cb2c53b31d9279
e436bc9f-d22e-4e05-b6f2-58e14521601d,2023-09-10,227129,518525,644559,6857c58a5a7b52149a15ff287a89664f01add0787fb19bf5de812eab635ab2f9,f16cba4ca29c206d9322fc35d9134d55b072c1aeb880c184c4daa70fe09cb9a5
93f9de81-ef82-4db7-898d-d211c66c83ea,2023-09-13,647683,889496,793641,9cb6bcd909bf0b0dbec209e52f0181add7c297f9f433feec091480c19019231b,01225cb3bb01225da647637599df01b9c486c4d072d50fff096089320c1ca3f3
2ebce6a4-f5ef-4ff3-a1e6-dfb8d88a04a0,2023-05-28,448057,467893,370378,f3104a06d0f3653d0a02586e91dec0bc21be751d29cba9f536e7e9921d2ad574,678f5e58964270d09630772421fa6237d5450e4aea864ed894dfa5a8c6f8555f
1b9e7c6a-b1ac-4a40-9c6f-2fb417d77efe,2023-01-05,986794,582033,731244,934b623560737b3016460e445fc874e03e465f2debafeafeed530a56478a4de7,da9e2b071f8f844320d08d03a54850e124f89cfd0ee0334424e86f0fd8830e2e
b9d06b52-5ced-47e6-bb3c-b813523efc98,2023-01-23,404164,33761,553422,4af54a3018dd8275831e5f8b9127c2f68ba0eb4423f02c4dbecada56e1906220,a762c0de8d915250c143ccaa79d12a61e864612d3c4abd6e8230730ad8b36f20
0e4a9259-8f42-4946-b5c4-544ce03bb456,2023-03-01,656651,640617,285254,92ca92de7603d557d83444c416f2e753273e6194100a2e0589f96060567ad188,7a5201940773b42647c1d3b96f363593800ced94f620967d48e6447dd2947c47
baf2662a-cbef-44a0-96d2-1443c7e0fd34,2023-09-20,685413,158664,766595,f35ff5dedacc2483968b35d65f00033d366291275415bfa253940d5bb1dcc724,66abce083f15cd51eb46e35ea08b2810b552dde326c787603b7643b92a53023d
8c7f7f04-3ba8-44d0-ac7f-9f3642c241c6,2023-02-15,932526,898174,114180,7d2cfaa07ffeef3996725795a4f061caad630faacb2ccaa870efb17bde7b4d4d,40b4345101b8d254554f0a3c7b91152849eadef525296ff53f0f50d7d4bc5463
297dd046-b8e7-466b-a59c-1148c3219305,2023-07-27,261792,416261,197691,f8ba2907ad2affabe67091990e784158f405d11422d4bf38488f6290372a734e,6b8a36b95ec8ddd885f1c6e60b993916b7994b9fc86c669179ca1542491628f5
4ffda993-da6c-4b92-a792-42ba11f20346,2023-01-22,81819,267283,429832,0a0ddd693c78841dcd1479b72e4001fc11cc718c2c71237905400303247a69e1,c2e60ba849cba6219a9c90b3dec7638cde61e915e9c6ba19af1cfd552ad62bcf
03d1f916-3ccf-4341-9087-dccf77e4e6f0,2023-03-15,824858,105609,375128,09228c19de08ee9cd9b0e7a312df96cbf73b9deb31a92c247d7b7e93a60bd779,a3204993daa7518439b5557664c22a536ccc9647d1c1a8defa85e82899e9dbb1
1b7ff5d4-f78a-4791-8d03-c6017578c040,2023-09-26,593410,154871,677273,55e1e4d843502afbe5afa0374144a297dbafba40770b110aaa782e9b8da1b01d,6bfff63a0dceab8b0f492d281a588d161e40cb6283b9efc3c73798f799148d09
b92aed92-10bd-47d1-832f-9a902ab88856,2023-03-11,985961,476443,714129,3ab3ffdbf8f9f020468d65c4321d5db4dd3281a2efe2c132bcc5cbc2f2953b9a,3fd8eaf3d3d2b344d932937910313890a7c611723ce2b574680d174bb0db0a97
2bbbf95d-9ff7-40fe-9199-48fbaa883a65,2023-07-05,855750,226137,610378,338ed283fc86a773b6dd7133312a7db816d94b1a24835f9053b429a04637f22a,a2513d4aa5af32ca93d49dd3aa074a05fa187df0536538de533c2a3f7dd98df0
b5280df3-2d2e-4022-8fdc-a05febad48fb,2023-06-28,443614,660564,643449,d3618fa8de22c5162b937ca5ba51bf3907871b7a588e2d92db27415d978b9bc0,7861bef0aeb9b10e66cba10b61ffc6984539d4a47140f0ba25f9f751dace8ce9
5bb9a436-9bba-47a5-8849-ce70a4c8e159,2023-03-09,504008,242412,775961,0ca080fd4e4c980e8001a3955c90db74616ac5236b7ac0f0fcae33f7ebd83476,6407b66f537285292170818ef4c53f0b9f8d6954946a93354ba3b8cadc9ca832
8ddb9df0-7285-4eda-8a88-25e40a542385,2023-10-28,285858,722728,404410,da3e0c7bd504e660b8d9ceec10eef2d4c945f70356fe415db7b595c353094f4f,0fe5e19cacf86706a7529d317aecb99dbebee08e021c9903add6afe9e2fa3345
5d82b336-73c0-4805-82e6-b98362d6ff7a,2023-05-05,391219,441901,363381,8a04c05d09ab87a9fc525296f5e0cccf6d167b7b1ce28c4bcea008f32a2fa22c,901612aef799f9bf60762f4e0e779371c28cb5446eddfad46961187515728543
4650cda6-692a-442f-a109-496b1fc1a006,2023-07-21,367220,196278,621998,6db1fab9e869b0661db5741bd2d51d7f948f0c6b3888f7b0cc3123767b92f532,d1c5b0920d58e4a8cd2f3f133b169f4ef949c202e4855cc0ef5c9ccd802c2575
e17614b4-7453-4a6e-8692-d958e8f063ec,2023-02-07,746806,61911,832163,37f1671bff44fbc9115ec3b126c275e06561ae223c35c90a6eb88faeb8ea067b,1f54ff24b8279ef637a85ef06ecaba32f275388c4686dc050cb11b406a92c4a7
5bb4d93d-fe02-4f72-adde-a272eb922be4,2023-11-10,20513,723103,770078,2e18abc32d705c34a2698148213b3a5a86ff4e69b84580b82e649bfaf877e227,a47d8ec65cbf31592fdbfda6ee831d5c8486e1af75ba21705e391df1334c2be4
0eb3be59-61b0-485a-bfa3-c845af294a25,2023-12-15,720136,915740,432809,a08d1dfc0643d761a8d5c71e44ed02bd272cf921d6ed4f3e15b5b26f246cd8b1,a3feaad01bf57027dc51d87337c61796c578977c293ebcfed7a938f0aa933ca4
abea074b-ee9a-4f29-ab6d-54c31e344c9f,2023-04-01,941876,999806,187012,e6045f0cc95668e0769e82758c1de73fbaf69cf3d6753902e6f4f8487629d799,1c598ffbddcb5b9fb2c65b4c6fedbdae06cfa3d7f8f396d8eb458b653fbabacf
acc2c282-e05f-4581-8458-e8d65c5b7b88,2023-08-01,584206,174362,385746,a187e9aeabd8da7bac3ff1a150742f42c590f0f59c3d6ee918092ae811b82a21,2c7a6b161710744c41e5a6247ef69ab02301a54924b1ee41d50e6f28afa738d1
39e7d317-6cfc-43f9-8cdf-a6bcaf3f8978,2023-12-05,423607,13591,821993,e79c72781eecffa84244113c617fe362af79e455c15921658d9df073af3a6007,3bdde3bcd16cf8e0fe7d585f14a635e1f089f5e4f2642eec56d4761c530d56e0
d9605075-0dcd-4bd5-9aee-76c28c030d08,2023-06-11,529547,253006,175334,3994323486eeb1d72663c249ae80dbc50b42da01e31091a2d5e189e102bbcc40,6f4582f3407ff330bcf61351a7cf9f0a9152a30a5cb06dd26eaa626ee0ca3534
8aaf7dac-2ef8-4c4d-91a7-a41c1253595c,2023-03-25,541353,253402,683014,499264e171960a195b92b494b2f0a832271060dcd821694eca93b3d93fb1a094,f52cb1ffb9e87b9b23d52fd283e68e57f8ea4ee2a8096c331a474560c96e348a
d57882c3-90a0-44cc-ad9d-4af2a55ddc67,2023-05-01,113736,150701,917225,b21f052450bcb497685ab27ccc28e9ff3b6516ec66cf363442e5d2f12bb75c78,5b04ced154c6c17db0310b06db2d514c91c86dcb74eec150b5c1dc522ba9e47d
0d0c1f6d-e0c3-48dc-b7d3-b01166267feb,2023-05-27,396091,107127,644412,3c69236496f85c692a07e9fba02a8e7eca836501e9930af0795f943531f4a2e1,f9115d7c84b27d187bd057209fc0b2da461b15435bc576f79f7cb639614e9a82
e3bc36d8-6a55-414e-a4ee-fe827ef3e662,2023-11-23,661820,456067,249611,7d40655cafd2a9224af850e1b3617f9257d79243b683d4e815ac407586a851fc,9f74f8d0f8ad5a0bf877137778fdce22eb6cb29bb7224d9dc70d0d1abf23e214
0919edca-24ac-4695-9a83-cacd03b2605d,2023-02-02,190008,544269,569604,cb925647b991ce058bb25f9ecda7d0c8884af7e0022a2f382ba2dc17e2d7d3e2,583e9f81b15d3f6b66b76b20233d3e5a4fdf4c885f409c44cb4bcc07ee464eef
548814b7-c32c-49cb-8191-18215b4c8d18,2023-01-21,841915,236924,645207,88eeae33b2c14cf2d59e777c4107c7b97f3796545e5d37bfc049c89c85ca2201,90283553ac9a9227e416a79535228a102092f3c48763734911e23711138d0f9e
e01445af-c11f-4bab-8f23-b7817284fbad,2023-04-22,347134,540179,924761,d87e8bafd4173e2186a6afac7c0e57bfbfa11000fcfaff6fa0f7689f9c28f332,c72a74a0ecef488c3775bb793ff3a43544b9de69b8a6c8664cc6657019c18d7a
267a055b-d4ee-4a80-ae37-7788e3f1c462,2023-09-19,601513,307703,322641,184527eb47ab67a6e927c22c21a9a6b8d1d5139a58ff1cd986ced3a7aae2df9f,d5fad09ee5a538ba5824f2a68c95a3cc349ed3333247d28db3922e70e00babb3
c441c425-8fe0-49ff-9b87-7c7480fd4048,2023-02-03,712946,678773,879353,cc75e7495b9ae779f2488b4b2dd15d6dcfd0f554f97fca1912b81b5608b08dfb,ced56a3a8ea97457090d9e131d1ae2d9c59c85e1be279662eaa186a2373d7b81
742ea190-1c22-45fd-b20c-b633fccf9673,2023-11-19,269548,47825,497107,39a0373fe9f92a5c14c40f9591b66b55639a99bc33daa9cdbb2df6cc85ba5873,9b8ee21a383ef567a917698137962d693158a5c69f8f6f4f4f78c9b2db52508f
6984c564-5cf5-4004-be7c-8a06498c786a,2023-05-23,485751,95435,261688,4762a914134d42ae42e0103ebd44905d8210686251a69c55d8f3f74fe333b723,8503b6ada3b87f84a30b5198f7cfbda3bbbe28abcff6a606902b6898d9dead04
a423f5ba-741f-4991-8f4b-8d278fef7a58,2023-08-14,852782,91856,185707,12c19633e4bdd0051099500ad6a91edbedb37de7ba9641feba0c9d1135899504,6ece78efff0287513e753d207d76c0bccad96e6e6d1436de1f19ddc28eb864fe
9121ab80-0deb-4cf8-987c-85b1e9fe79da,2023-01-07,109624,822462,293820,4842aab277daae4508bbd61174c46d272b20e958dbf2372e17c55433c0d20501,cc1b217e886e34f619c0bcf2ed31f803ba1aa18baf59f25c8609ca0e3a174434
c59f1570-fd4c-4930-ae3a-6f07382ec9fb,2023-10-09,653214,4874,204037,4c33e73302851db8ef9a81806c6a4603aa41bf2adf2ad57ce2afec99f607ac4e,02dd79fa7ae48db9ade1ca24b570e3123417603375b6f72d5a4309642822dafb
039da6de-1da0-4a0b-96f8-7410cb8f1e05,2023-02-21,737678,837607,906483,5979a16e5b83d37f28a8cb5d8015fbecb6629941f7f6c9051dfd7ccba49b0cd1,0e3677ba390bc27622e030c0f710ab610b05a67b3fbb7102cdd78d4cf1e62872
3d155a4d-4d3d-4745-9b9b-aca0feb33ac2,2023-12-03,165414,450769,627573,833f42d28ce45ac66e1fe0fb7e004b34c24bbf6ca8713e76eb5558d5a057d2cb,285e593d52c72f431099bb9cf86b4ab8e3475575319dc5e2d7fbdf780d7e35a2
cdbcc020-c666-4d6e-8864-392aaa9eaf61,2023-03-14,722950,104225,340109,5bc3b14b375385a4071dd4c66cbac944ca01174ae095fe6f7e78da777c8503c5,0b21e9ed208c154afb4a6186da6d29a48277970adc5f2681338aa4236f037b80
2ed92f73-8af8-4901-a51f-6ee1cde98ed6,2023-12-07,105048,583889,697907,4c0e34c208fcc158b52a06dfc7f2a4f6b9e4756efd2359ca1398e74a621b536e,540ac315ab68fb6322d0d486875f42fb9c91efcc8bc2e1cb55aecfb3687fe5ef
21685f01-7817-4fb4-b156-5c3c5c736fdd,2023-10-20,295414,606295,602145,986ae85d8dda78d1682dc1d5ec09893f6ee879bf64671974258bcf170bd67a4f,fca1d0010560afc5ec0e505acde29c320de7b449f76fd6bf1cfa130b9dd87100
2af6b881-c0cc-4541-a455-9798a8ead425,2023-06-25,322862,583483,767310,9cf5386e766affb1d98089740fd14705059f1b0c39689b49783ad76c1029a0e0,e2d3e4038063d27e65dfe140c92e976c1221b1c47e070814107686c141888832
b983f950-ae65-43bd-b806-e335c470fced,2023-09-21,315549,650411,415608,e1bd68e59da1317c12d03a4909e063464bb6526de0049397553a91dfc71bb3df,bfd812e2ba7b6f8cf540107450161ba77da54fee2559c56e883472eb2aa3d085
dd693223-086c-478c-b3a0-6e0e6553874b,2023-02-24,766848,789590,510552,0e0fa85b493c8f4bd9af453b65eca60b1478469349600bd3f0d70f2643dcec9c,8e033cd7d148faa4a22ddc3dca1f4df7e007b602190c1773d9436895883b8449
0ebafddb-9c09-4692-b177-c5103423a2fd,2023-01-23,115906,204797,151766,c74a054e3e9e73f37a62c9bac057eeca719a04d7efb1ed2cb73508b556cd731e,74f40035bf8efbe3154dc1e2ec039f47584fac6b0a7573ed1c674126e486197b
3386c54d-70b3-47da-a9a7-b94715220889,2023-02-09,455552,790587,531896,e6125910005168002e13437d51290521bf8bad3b92e4fca59efa9853387a8390,3b9101f4c78ebf0295fb2c3c91643b12b4ea53131a7fd8d5554dc0702f6cd649
3bfa55c0-9ca7-40ea-91d6-eea56fe32f1d,2023-06-11,700465,942711,578338,695577d646adab94f8d85e93126c3710ec9e6e44f223c87da4f9763e97e16735,ca4064fcd87169139da2288e47736bda1b016b31d7bc47e2cea4ab4708b8eeef
bca0b04c-bc06-4825-9a4f-ab3e1c7b49b1,2023-03-24,223186,407712,202201,5de63b340607f739ef70bf48e0a32a6966bb136a1da2707efa436d16ba652250,cf98d9d4702e5956ede4ee3abbd8399b232e7646474997d6d5f962c0b1cd8fe6
8a850c38-3351-4f95-9893-114fb06a5b71,2023-12-22,13987,834901,945422,c03413b85b953105c47c2dc85cef1f2fd3871eb2c9e6e67da8b9003d53f5858f,4c280a79da229f4b2abed5f0366a835d78e0ec034c30a52e8fdd5c210cf04b17
6cadc84e-1160-479b-87d5-aacd0e103c41,2023-03-01,736485,177160,679051,0eac9aa0d49f24c16c41a897579acf4019caccf3d58d66e5e93aa303144d1f24,a51d18fdfb935571f36523b52b901c09709102b844bce238db4c2fe84578ee5e
588f6817-6ed1-4b99-8b6f-522a69c19f6c,2023-06-21,968314,763856,320094,27eb4d9ebe91aa59afa958b6d5ccb510424e4347a7f5e30421602210c7a774ab,21337d24c07b326d172080ce79bd7da50017a7fcfcd7058515b396ecafbde947
26b54f45-56af-416c-a254-33cb25031aa9,2023-10-17,290999,803214,301652,1f3c834538f6f04e888f6cf54b22c92a0fb90fe827b288a69bf9e640fc5e7cbe,18077b31d2b76bdbfa5c500e66c45137690ee165961b4a7b6829977ccdf19e1b
53d625f6-782e-4340-8cd6-9ccb04d29d49,2023-10-10,784952,853600,773015,33eb009d8994d0dfc98bd356c85aad98fa573edb6753f82c1fd97745f5a9f63e,b14d90f067b656687f04bf435972ad5390801b36bd0372f8d21411ae055ac748
ee85a58f-15b5-4605-b0db-3efb8f728cf5,2023-04-08,999830,396895,491753,390139cc01f3207703f29b10975b7b49529e540d1b2aa1ae092f10137306e93b,ef13a601e22ec77753e10ef7e491fc0b0d96907d6362fed6051f8f470a9f2be3
d0e86042-9271-4383-b892-994f7629c900,2023-02-19,765623,408556,724826,b6f85e37412a44d6a1e6a4a68dfff1d6d1fe7ac9dbe5b5ec095d73f59d9dd6aa,879c99f237e6fa549d7c24c7ecbc1aa1070b93c34c60a17537b63b5277b839c5
1766c81c-cb82-435b-8ecd-28bf64b9b488,2023-06-23,677352,554206,241436,9067f73eda82a42beeeb9ce4b42fc3c7e1230e96f489c774dccf7c2f103ad53f,f71027c6987311a1027be15fbb3928f79f61408f22456dd752c914fb25f634b5
cc76b444-151c-44c9-b0b4-11214b5c308a,2023-12-17,377061,823709,737816,96c0eccc36aa73f5adb22a2a2ac3a879db6ef7ad981fda67045676bc2ae75956,08189393822dcca3a63dcbcab7338a9b55cdf6a73d2fa2ade3637806d7497d08
471d06be-4652-49a8-8485-40fc3d9219f6,2023-12-19,745489,377477,411822,32d23d33c216e8cfd976ed2729f63d576be1da4b79cd8a2264beeddd711a9a3e,4a271967f351fb550826472a8f1da5073547d0ee205bba1dfb90b39b9aba836b
f1a2628f-200d-4867-878d-93daa145031f,2023-07-02,561024,769183,419536,be0ab77a9d169239897f6c76e5651d19bf27c4750e1322563f483f92351e6ca0,58167628491c91036a3c2bed528f6a8d23264d65054e375b0357c08d3c5ed0ed
cb93a500-da1f-4764-a59f-f33119ba7e88,2023-09-04,946044,809766,621696,8e3b6a6e3282085f8375aea25bcf82fa0100b945a2e6bfb4e6740f527d47804b,2b44882358ccc85885699e0faeba9874b4d57414ff621e7fb865183960734a6a
38b19343-1312-46fc-a48c-f49ae3637672,2023-12-07,409884,746443,226011,1126f13b6514831f819c41befb89271a49afebdfad3573e3d41624112d22ec38,d7b121a7121c3bec7490b3ee97c222c7d7f33457de1217d475fc71ebcf1c07c9
f5fccfdb-4a57-44d9-a464-7e267edcbfcc,2023-05-04,853304,240980,495408,ad04f89e829d1b34f0b3605e324507027d73e289b71187a9662a5e5182560609,905653a4ac77241edd4518ef4e95b5a427df9959f3f8a7f5314dfec058ae4ede
9be57f9c-678e-4da1-a524-907726ca9c5b,2023-12-16,52301,832234,842497,03a0f87d4e5e9616a0561d565179cfb9f83673c257c4f69df2c19ef347bf7126,a7050e1f3d0d4cb15b956ee0fb3a50a300a3365ebdcc0b135f59b726baef3541
cbf0b106-9059-430c-8e87-63c043a0b32f,2023-03-17,165567,887382,205144,7ca9f5d6540cd5f6553d004dc2d7af818c24fa7bd5644fb45f51eb2adfced0dd,2fe114e6615f8eda31dedcc5d6c3bbb9e745b25be06327f90e08a912ed6b2f28
8f93cc2c-66e5-4de8-8852-e815399593af,2023-12-15,774131,495546,737136,a74db2d8b34f21e1aaa95f3d2b85b1851abaff84bc28df0ba070d6cbf4a37d42,ddf279912024b75f5bf2775bbdfbf7811f8cc9678f5dccc807185396d325fc4f
0910f7b5-3cbe-4d28-85a1-a7856f231345,2023-09-26,756839,501755,789561,30d53baecaff011379f23931d5d50cd169edccd009cf1c41e0f9a8d9b702d7f0,ed255af90b29b5d45ccec6a58f087f47fa66aa27ef79021be05797a97f736641
3eabf960-4281-4bf0-9675-1ccefc68831b,2023-04-11,75631,512005,913394,d4eed72edb412378f6fdfe22a1ad037c1c99c76d16a7d0d98ad4e946f2a6e9bd,ab8edf34d5272be80503b75d709481b2e0c1f41cec03bb2de052cab1d4985e98
0879e925-d3bc-4791-8a49-f43859bd3ed3,2023-08-18,916284,314607,180119,b7d135c8256ee990cb31607939abe21652234bdd5649a597825c76780b1d3d7e,1218c8505050c6231bc05664c79f58311f1e69e16a79a0e0ef8759f6331fb6c1
7e1795fd-12cc-4b75-861a-27f9c3af6212,2023-11-08,474555,6395,780987,c5222346acc542d59239e8a23b0156b6836149f74f65a2ae194bdbf28203c91c,48bb2b91cb640c1bc2ea67114c22a1deef0b82b1d22a279eb03466a2c1b10d43
f9d67745-1df5-4954-9949-7d2762ba251c,2023-03-11,812327,806120,596887,78e05a645e46b7d85970c90ee34d0e74b5d8d5a5801404861e1333ed75762d0b,e80f3ff2124f63e7fb02d5a3177eb75da2b6b29ea301f94c59de2afc862077c0
1dd6253b-9143-436c-8a8f-b15d9e916f86,2023-08-21,539872,323389,319432,7a7d0dca85c9a11702d66e593d82d18967717cd420cceafbb125bdd3a64063f9,4d905eb478876885030e9c69301c2c84c8fd4808a5262adb7b7f9402346ee447
49b1bd05-5563-42df-84c4-8b4bc9765674,2023-02-01,955349,474658,922979,35b929ba4457c0faea01cf1eb96ce5c8dde769c077c9ac220184bfa8eaf9387d,8b8b4985795a035abce798c702ed57760b1b50c9bca79b27029a78f82c5f98dc
e65abc01-f08a-41a4-9ec9-bac6aaa59833,2023-11-23,729438,754073,316347,61d52a4c4de253c4075186c4cb8a17e8ffcb7203882002f67591df660a3c8116,a501305e455d9156c535016dfb7d4ff748a13311361ca71cf46ba7dd30381c16
2c409dc7-b0e8-424a-8391-390ee9a81ed9,2023-08-14,612285,945754,823972,f66ecac7b17fb5bf2d7ba1cd8f743a3dbdf0c77f28ad12072576bde78f198060,6c345c4638148eb12fa82608b355ec58ddc9a93fab8e24edf66e3d25c13b9c19
c4683925-ee71-4e8c-ae39-8aa203ac3a7d,2023-06-08,9352,261114,960853,ed123723c40dd1dd2656f95b3f7a8ca0c9296ba56a2ad347dbac18bd8e6ce2e9,e8f45c6ad81085ef2e7bdb66e666594fdbf5869c2cbd227713a45220ed034d0d
85e32fd4-4116-4999-87fa-ac3bbabf9a8c,2023-04-22,931091,800062,126704,a08e4f0eb4cf82bdcb3e17501fb172abe5f4a8b87bb62cfcf346e68c84ad74a6,7fbea56af2eb7d2a4415bc9d34c7b73c76c24ed540c0f85dde3fcc4126ff7fac
2e780370-b9dd-4b8a-bca9-097ec03c9bcb,2023-12-17,307365,42580,167971,23e7d97a7247761a1ea1bba1cde6fdf6cfd213e3cb9fb634d6eb6000d13fff38,c5faa6d8c7f9a05a182f08b340741586594b8b34c60d3411ae977993d5aabdb7
6043ec04-2b70-489b-b6a0-a6f3a7a79e8d,2023-04-17,357422,915149,590163,2df59dc5329ff6031bac217bc4ec6506778dab4ffbf322e9324b83728d51764f,d02e9dd5b10e2c1c5a737f7b22180ae07252024bd60db03b8803948646ad354d
71b24868-7866-43d5-8fa1-8be278bbb8bc,2023-05-02,439935,514131,719347,0d657a222fccd865dd8f63d4483424c1bbcf3e5e62d9e29f03a9facfa181344a,199dcfec75a435c03a58875f2f9870930707a4c4c55152c85b6af9080ccef1e1
f00d80d5-58db-4112-96fc-6d05b7f3c8f0,2023-06-28,972807,521013,663802,13eefe3a63532808ad1b85f04836982dac1b0c09a4816a5c825a0f4171212f13,e098670035cf6a683829378e22122e4139ba98b4475111520527c3ad24dfdd09
c9f6ff35-10a2-4101-98a1-42ba5b6fe21c,2023-04-29,767222,46618,489835,1b96ab1b7c28d14dd9c8498830e29c940860e495a05c8eb3f31ac96ad7920564,b1d2250aeb63eef98dc002e33ca45f1a15acd9178a5ed2dddc137d01302426cf
e6f08262-d110-49b6-8f7a-3328f3d6d126,2023-12-05,662991,370731,578321,8ccbfb170437dccb9afb90954968bef19dc50d4daad15ea58c6aaee905ad6c3c,6d900318129e533dcb1e00df8f445e4137e83f105c7ffcc77aaae8bca51aedfb
c7bf6952-0a0a-40fe-ad65-53ff25365ce6,2023-09-11,190034,470793,358387,96f03dd9881b334a5872d08e000261ba2e002315d7bccf3c7a63cea6d46a590b,42e93fc0137f071f32a047a573d8f7d23ba0aed21667e224a96eba868acc08f7
d83a73c3-e42a-46e1-ba6c-aa4d54f2d2a2,2023-09-11,198134,289685,926622,306908a39adc8930914a6354660b6f45f7e35403ccf27d7050bef3a71561917e,d5a0c8ed81d963786c58e7dc22c8315ed8d7cd138f36da169151c9a173b3bbf1
8274d325-2873-4785-a8e3-0b9e782797e0,2023-11-03,710507,72995,317225,aa73adf7433c04e79cc9c29c0e01e5fd65d2156cd3be227e8452ff5112e05a74,1f84bb7f0ba1d7c61a3b2a84e41ad363d29970c3b289382bd332b8e4f144c95c
0ab5a4ad-599d-4e6c-89a8-91d0967f7ec2,2023-03-03,792705,820756,582544,efbfc64d8643d47275b95991f495ca8f1ee9574c55c4714291e8db942304022c,186fb5de07e0ddee2567dd2eebb505f8e1d639cecf7e9e1551743b074cce8ece
2054b5d8-9730-4b02-bfef-03d6a1ef2a31,2023-06-28,563030,704867,508964,c90358a144a2d83caf76142d98090f9f30c3cb2a472f3cc9fd5ff744f32ea78a,4fb763894cf6515b3dbda83536cbbe04d126ec0e7ba4053c8b6d8911dd3aa9b7
c2ff1df2-3899-4ed3-9f5d-e03fec89cbb9,2023-01-31,650587,644211,735966,7ac72c84043a68ed65fa7f77aa980118ecef903d7903cbedab491d5b7ea24b62,378e07589b3d1a6e6e7697403e68e648a8bf74f22731041e565817be6f77d7ed
01532b59-0a41-4ccb-a282-91e67b47e355,2023-02-02,404251,555765,595071,bf74c2f71196a32110a4f9878ea19b78473a06f360ec778fe2eab6e9ab0bdaf1,d7a16840b74950d37294c42d5e16b7bcf9455f15e0a66a494c613fcad8015c38
199ea605-2ce3-4a41-9650-af4f7e5f14ab,2023-01-04,750454,270182,242324,29dc496747614c2e02c8c1176f811f9a33733b0a711791d73ef8818a7312a4d1,5179a9c46f95a105bcfd692bde54d62c697049b8778d08478487e93b72308cdd
c318566d-1849-4fcf-b447-5a7e3d86911d,2023-07-12,113493,826124,265146,f749c4b568fdeefbf2f6ff2c3e70a689934705a0a760a7282cccd998f89a3949,c2872c3f9f024360048f0cdfd1f94d9f4d03c55b1f28fda1ca5fa011a0f68847
b0bce7fe-e984-4bec-acbb-c554f473f05d,2023-08-07,140007,935363,192815,374c309133fa0a46adcace23b70d11c5c7972667038e42b4aa9c7a7d1c61d32c,f806e045be11213a4ec143262ddf7d8d4daf5c2d00c8d996f425e90e2efbb426
f412e0e1-54d8-4f67-a138-c9999b9f6df6,2023-10-22,390155,905040,397764,c7808542471d81b58f4d6e532b417482020f964cc387bfdd9d3fa9bb83e80e48,8566afd9254308ba89ab2e571a91c88fb176031f1d800da3b365cd2e8b49e536
1f730c7d-f440-4877-a22e-c78dd434452b,2023-10-13,319106,881286,163852,8f04dfa2f34f9717b87ed029a280f7aec732ec798c83579b1da250a37abbab3c,c8825c46eb0726c91fda62b2fccc279f64485c6bd4b38c2e83fce14d3df1c2d3
9317e1eb-389b-4807-8203-a6318ede173d,2023-04-03,81485,340033,853438,a424e90f8a1cb3f592681a7f3fff9bde7607e4108948cd2840cb9af47b6154ab,e2befa9d2c06d630860c8f638c2fa386dd474d929be3e67b9c0eb622cca773f6
52728062-a5d6-41bb-884a-15a657b5bba3,2023-12-05,880667,67544,963718,9745b613b63f1b02d6009ecea2556d6d9ccc30971a2a0a8bebe15f37932fb3fa,3d851acd3b550e5db6a1bd43cb9aef1cdaa77a0219b7403c00c63f083ea798f6
b84ee644-7563-4081-87f3-b486e5d6094f,2023-11-22,915955,833022,500929,dac4b3b8a74793e028a90b1b99370d8c3e4d1035586ad9d9b4d6b15a021401fb,af93376127eddbacbf4150d59d60d87ff97531371c20cb9599cb72af47c04d35
be2025b4-ea61-4117-8171-af35cb20ed70,2023-09-30,746731,914751,279460,d99b4e03b436b4fc5d6e0c8946c431fbf396c829de4e612ba777665b47048fc8,de81d32c4e0bd45612dddb50fa39e4759be275d369052bd7ce4659a1bcf0b78f
39df4644-9723-43cb-8134-777d6afa957f,2023-10-07,847272,375890,688524,4d247e2d043b7114b24a4ef2df37cca45579d8836398243b319bb482a6a4c46b,81df1a1086f9e2ed99b6e8b1200d4e96926682069c51f899b272ce9dcb25f39c
248adc5c-df0a-41dd-97a7-d19023566413,2023-08-23,897566,737553,170954,b8866b23d40c3c76038a015e48e31353a31f241c004f0dd39628ce4ec4e25572,35cf6d17d9b66aa9188b3ac23ee1fb0a94d6a03fc7c00499d8f9c1800867bcbd
67816d53-245d-4539-8b8d-4694252e75b9,2023-06-07,12279,712728,372907,97369a88b9320a76aa61adf15f9afd3b8c13b294d02f255e2ff61814e37ce184,45cfd8d3e1ff2405940c38ba231fe7721447dc1970d47d30a0525cfbea480370
5776a258-5356-479f-901a-11b6a3194438,2023-06-10,649131,268836,655290,404216d709ef64f2c3cacd716dae8986ce0562e8e86ea1e45ee85944f2213014,bed3002451ed772550b7ebe0452c306968e1e2d750bf6b1a89e18d5f083836cb
9d579be9-c52e-450a-9280-04aaee3f65ee,2023-03-10,988348,344758,634484,c6462edcad1c7303f5e12c11dde3decfe38098cc75e16bd1f930d9af89fa7702,758a0bac8ad22540aa9c817e5eadfd78c99bfbe0fbd72b935fdf933f10545fb3
838b4854-ecbb-4598-9eca-530886321ec0,2023-01-02,397628,669062,902930,178a591968a09d492640b5a430636c5ace20b5e475817e5128dcdc14c982f87c,897fe0420aa0ede492b17d86c7748706ddb103c5f0d897fd466539e4f37ef623
7154d498-1b88-483a-9944-3059318c531f,2023-04-27,813451,833318,706464,ddedc7902550e6527bddc7d44e578ac1e883b4fd97b88f632791c370b751284f,f14d2aa6021b4f4f19404b35a574fdc84f7965548147f8455f14dd8188fb3116
bb855c5e-02f0-4319-a2ac-2d910d4f492d,2023-01-15,820633,180271,310564,074b520d89793c966a42bb0edf7c4b5153bf976bf4cd0956be07fb8b4dea2bc4,28238d014b39b528eb549cc4c7c3d281f3edaf8b49d9508e2e486ad1f5f0e75c
2cfd8041-57ff-40b5-892c-9b2ec269998f,2023-09-30,389499,283757,868613,30bb56f273b8927c2f2cceb7d4d693487dad9a87158d0b61ed1ab2eea378da27,b22cf07edbebb4616704a7ff565722f66d5d41e9f62be6882b1221bda5eee3b9
f97a4c03-3de0-41cc-ad09-3a69a8ca6a7e,2023-07-22,52040,928170,467695,7e6b69db5a84ac57a9d4eef7fb398ff1fea566f23e51babb8bc1f0561acfe16d,40c6908a421574f8476281892f030c5088331ba58225ea2f1c43747e3e3f20c7
a3453894-7378-4771-97cb-aaf291418e90,2023-12-14,768492,767890,169939,76346ca2d19b3c6863103fadff45a2cdc26e0ba32b080e397aa2cb0d1cce68b3,771d1694d908510fe9153a57593ccdf24d643963fb59d3921741d9bd05a8be46
5b4765f5-24a2-4ce3-b3c0-afe4a1d1a1c0,2023-01-01,780110,290567,789611,5bf8a1431c2cb485040ace1129892b09343f6da60ee61de158ac28eb4cd03051,627184d3e2463da9b0cce4d19e0a8b64c0f09bf2771e0ce7c4ab0b0d7e498d3b
1e730fcc-3b36-4891-b47f-1696f85aa5bf,2023-04-21,114600,869691,182267,f4ebba8d503d53b2f4623793ead3e1f7b44e77372ba734e5e5ebcc16239c651c,48abb84ae297deb3bf6ce9afe7f3adb6f34aa42e93fd64517680fe35343de9dd
35d5ce2f-811e-477e-8fef-ffe764102095,2023-03-22,687669,601984,206263,6acdc3c1ac6c5870b50675eb2d810a94a5f11867239e9b117aea21caadd17596,f3c284afbed35afe45e7665b765ce77bcf6f1c5755a42ee61fba4aa13f89d5c3
23dae819-0ec6-472c-a7c4-518f7d3561fd,2023-10-04,934745,426518,483626,386d2293e3d3801ed8398911f74e43b6e4e3e62324a30fb1c58c25c368480eb9,de6ffb3bc9e32828741431bea8d21e92540d20b5e64cdf12176ba440788125e6
88bb0610-75aa-468b-ad10-1f54dc476b13,2023-05-02,913261,163982,163511,bf997d03a04693f7d834079ac941fafb8f5f6068e057845506e69ad9d14ba2ab,f4f78a901c9256c4b89430cadc46993842fa5029afe8edfda5701927797a10db
71ba9955-b241-4738-bbc8-34c42595c30c,2023-10-15,672818,937887,765916,e5ab93fe95542ef681c842b6a1a5c1edd9d9b263dfe657da53cf1bd72d7ce630,9761526aea4a4da695bd3205c88342115faed87fe56e53f702eef41b4ff3516a
c410ca53-e6e7-4929-938e-1adaea3dbc43,2023-06-21,264884,418371,627167,0d4f7972b6f98908f075955506e86c8f825623ba37a54e423580144239a6c360,5f9b3312bd46b4263cb31e8b6e2c8493454836fef2064183a4cfa209a8d9fec3
be81c411-35fb-478a-8c7d-008436b2faac,2023-12-06,959595,324401,642711,a37ff744c4d5c6b4a7cfe12eec664a655dc447ed02a4de8fa6b2fe15c84ca73c,7f753458e2400e67c45383b4ef708386e72462da1e32eaf0d1ec68af555f7656
d4a3e346-d712-4684-84d3-a98ffb425ac6,2023-04-09,745151,536913,425731,bfcd3741843b8d13540f359def8db1151966b55661dae14d1f3a52f8d5b12cec,4acc7ef81b84dc5f360d0a77164a0b1fe4646652e7026fe8af0c422ccdcdc589
2bf36d54-082f-4012-abe2-6ba2d5291e98,2023-04-24,372564,624716,883291,b6dcc361be274ab444518850b564241121aff1e868286c7cc388eddbf8cf1ca0,0d459b70f62d763e0bb7ae84c8d4fa185f795a87580c74fe380e6960e92494ea
9eecbc8f-b0ad-4d12-89f0-85e2a4e4fb22,2023-01-23,962102,221091,378376,cdf11fb70bfd8ce8280e8b09431931b0429fd2a90bb053be62b91b7583d0c0c7,04da83b5c3aa984f42722113e1fe6fb4be503a99163b7c7eba71cf7cddd59b6f
1a5d6c28-3be5-44ff-93d3-a579c15753b9,2023-09-16,92674,525790,268164,bc4fbb8d84f95ef343a0c957127f8166d814e248df43fcf37d801b7346f2b40a,a0bbac02d93047d7d990b63d0901bb8790b462a9cdff9c6fd6bf2e007c12e811
a6738c07-a623-4c3d-be05-d3c7291e531c,2023-07-28,678354,216195,194115,d4e625473ceac308a1d93d319d5c2c193fa5923837b6c4d351b520bd01487b93,c874329dafa9ac7da5ab1a135ffb65c793434ec308a32db641255e7fbe186a3e
7ea0430f-1c3e-4969-8542-9889da0961c5,2023-12-22,855845,702283,196084,f1a6cc2f55ad8428d1606de0b61e08353a066e713186bdf611cb8344457ce99f,7325a18d29629c76d01c0ff79facad0fac21cc82326fbd5059f56fddcc684795
1310c9be-d11c-4296-8892-9c4381c34f90,2023-08-23,193680,582320,753241,056f1e99c7003262821d5a75327bdcbd998d10684e9e31402676499f9df95209,7f58ea5e1cd7bf1a378c9938ef7364a0bfab4547037b633a51e903249ee0d8d8
f38047b2-d154-4cc9-b7c8-d32b88db9860,2023-06-30,932930,5080,286250,911893f83ff84b736c9435321e46397d486fcc1e587e5fe5302bd543f07ddb6d,bc49c26c77256101a565e4256154c4e885ab19ee45a152214c0fcbc5f3ce1ae8
b0184169-233f-4612-832d-d187b7987b9a,2023-04-20,852497,907311,400553,b416c698cdcdb49a60d32877f64539f1858fa50fe13624eec9b880d915c679c4,42149613f368e63ac9c446b780863856152f844efbe67e7fc9d106c9c1f72378
0b08f9f0-5476-4142-bec3-1a02b20d18e4,2023-12-05,711047,140842,119131,3e0c8379d636485edc8a784f981dc88f97d1f5b2ce1f3d3d7fa39dc248ffad9d,05672e190d1cd1da841583d183ca55ed8f6c52a813e353566035c5458d0075bc
01da6d29-e75a-42c4-8ff0-5840a72877e3,2023-05-22,752888,245302,540040,be0e714019086bdea5851555a352776123ff8d891053e4aae0c3de855fe10cb1,65c331690a7ff41899895b97739f5d33d0540c44dbba8913aa6e649364dc287d
d5043158-c922-4f11-a81a-5dfbfb6f1aaf,2023-06-08,423692,665311,148655,1850be18b20612c196f8a6cec6d7774110b93ac11c702f8550b203e92e49b25c,5860a17076d6b4d4e47044062cf033641090dc1a02afc835c62c78076d8685fd
617cd663-c581-4336-86d7-272384d89093,2023-12-30,316013,329659,539900,58494a3185be9eebd9edbbe5a096a8677a219e1155f9dd0ed2972ad9aed50572,e9542f9aa90aec527fb24f568f2a98c87c1e82b568085c063d6c7d3998c2c461
8802a632-3016-47ad-9959-e52b650f1611,2023-01-08,392459,496003,688205,fcc9f072707adf682d3b90c17f96bd7bacae3da12b9ba318039575d4db038d0d,adff2b0587204ba4860dd37f639d4e84d53c9c067e840d9337de5083211341e4
3bb7abfb-434a-4c6c-82bf-97956829a89a,2023-10-27,32424,817844,478770,3c31d65f65b7c9ce0c50a01868bcfce8b02ce1f4cb56d7b6d3d044b08ed600c8,b94754014626f111f912b432f6c690d982873517f4c46cca5ac23c0a9d968ab9
35f95b57-8600-4c30-b70a-72857f1d8463,2023-11-05,245259,840395,761733,6dde37aca7a4c2ab8efd1124e112b83d8295766b8f79fb56fb8159f6c6860a3a,ce59caa16bb8caed15560d6aba6b7ff0ae64e06a9552813852d44c05e0cb2949
c8d8b974-d5b0-4144-96d9-ba117d1df45e,2023-09-15,817193,222800,207889,26fb7fca44a467fbeaa9d839e71759a6f745df896cab8ba58c78a8e78b1c81da,c4cce0a5b3e0f8c6fde561e15a4b884ea3fee67f9eed2eb64cac12e249221d99
70f89119-1c79-4840-8efe-b9dfc3ece7d8,2023-06-16,715525,756670,250182,d52c07f7b44bd2d23811ff1cf8548dc5d24b923ac39ecc0336611a332a42e6b7,9ce3aa082b2e3200df852f3d1186f49a673b0414060235bc6ebb8fa65cc1a873
32c296d1-d61c-40d7-a098-2bb450198f41,2023-08-03,282681,184157,877378,b519d440ddf42c18b149109c91a55f0ffa7e555483785c2a7a01e57122bcbb73,d1c26609b67cab02dbe2304dc9b7d57a705987ed59b0dbe98d426ef9bc31922a
71c9363f-56e1-4e59-a55c-47b69749dfe5,2023-10-13,914288,460645,317906,00a5b00e20bc20df2010e69c5e5ee6cd02f6f77b4fe24c753304c3af60bade33,2a73933a44562106702910f730d2d8788ae2dfb58b12ce04e9d188c597a58e51
346ece46-2c58-4ea6-93d7-4809f1562977,2023-03-30,88716,215371,857562,c1c1a088103f0aa6ad9b94e15b0c3599cad65e23a6b701826827688bfea14982,7750329aa13a14846a4a6cd9c1b322d6daa97cb05be5242c247cc52c4debc40d
29e207ad-3ebb-4dec-8ea2-2ee52c57a63a,2023-02-15,245472,451143,705293,ba6d511efc31a38479115bff9a71b7ef942b042423131e13f5f272c019ee465c,f57d3be0db981cfddcbddde964666b8193915d4b0ad9752ae855271ca9842130
4ae98e9b-47c5-4bd0-9aa9-9ae4fcce0241,2023-03-10,251302,19111,180783,a56e5041016e1c36908ac3727a9786bc27eb2ab8cba4da52c841a2cc9f91b3b1,4f59b97d1d05b384886e5e4a33b21725a71432a3d0974f28a13c256c6bdc91c0
d393b693-4fa6-4643-b6f9-833c84acc539,2023-04-20,274425,469023,243617,0c6c566fda5fc7fb9082c6db388fb0d218367881d438e039705ec58d2205e7b8,79156067067cdd6f952e0d84923560c0c9b4b67f4e0a2d637fb820916f0847d4
409cce39-f414-4f59-bf53-e08ffc2a0bf9,2023-03-16,756632,613668,834184,96ed8db4c3b57a6acce66fb0d5305929f6a1e9147c956dd0106c5d2e872a9da6,1b1fff2c1a869f02d51b09023a9d94e1343007be39eaf12a248c2228915faae6
765c0895-9f00-4fea-9303-8171f5f43a08,2023-08-13,449096,793584,298374,9bf5514cb8bfe3a216143bf9ca38af3c3df40b5f179d9daa9340491c09ca5e1e,0308254b1622540fc174edd4ab8bbbd6bfa6f3182231b42c23833bfc312af392
91062c0f-c3ab-40f5-9de4-56c0c05bb215,2023-01-02,147411,79180,593940,9fcaec88041a81e7e4044a4ca0f97da7a7f71064213e4715425802b7d4248387,63be902b58c18645d68dd0bd88a3fbd9819543817518ccc9cf5b5c90dcad8fbb
042bf80b-d91d-46e5-bd28-915c3c7c73bf,2023-05-07,879100,590349,775888,d4bcee47d6392ff2ef3d0cde1a271516f8e4a95fa886eccfe00773236de8addb,b351da354fd0e7e9cb82e9bd94af3c5ffe3af2fcfe4604ff47e537bbf4dcf5c3
e073625c-d745-41b7-b4f0-894ba6f91b64,2023-05-15,710346,264181,631619,6299562ec3a493f572b9b778568f738672b165fb06daf5474cf569092edb1d11,c71dfda10c1c1964296334bd7a994d4bccaa3518414839c229647608b38fd486
fe7d79f8-7613-43ef-b98a-8623d751f67e,2023-10-25,427386,756646,168368,35df6845354f7728e99df83e797fa9aa04b93a4655e156099ac257a5abe748b3,8db9477097d6632c5cbbd6c277f5944c5d2e0abb4906118b853f2b180ae13dd3
77cb4716-acf0-4400-a424-a1a8cec3b3a5,2023-07-22,719603,285688,562914,1a8582921a9c9e4e93b8ca31c9849999587753b16f97a63c9a234a329b1aa77d,96956f1bdc7e5b92bc6da028cf16894104795c739b256a0b58cc0531263d2bf0
1ddb1875-d622-45cb-b7a4-463e7a820352,2023-08-28,878167,873000,789502,152e8588baa75b54769b361a9a77de6617333fd58b043351278a6f8ec0091145,6f1af31f5e1870521fabf90ba111554583d5cb0f559f30a31c75efcfecba9b75
3c34faf6-a778-4893-ae8b-731006bb3946,2023-02-27,189425,177795,597050,e12634caad4d2689edda44131e10c9bf7d684d0598fb571af035eb5ae26efed3,23024992c8b5029e587e2743529cbd1f19fae70933446f37497d239388ddb9be
44668e19-ebde-4bfa-9ad5-035dafc90aaf,2023-03-26,576021,343903,382318,776ac2d86961d0221259c99f35caf4c90df5ea33403c0157f74373aec39e0e8e,31d92dbfe503ab6c391e2e5c60ef8e586ba09a128b9f3a9fdc127db103eb5575
2c2d465e-ef2a-4586-a619-b2bf6739840b,2023-01-27,693075,60401,456116,e2a69d314b0e319e0306a71503e410ff348c891bfeed4f004bd4c57fffaa6818,614f57a30c3e814af3985d83901cbf2e78e60ec49916e8531efcc364549af998
17f1f461-c86f-45f6-a8ec-d1b5953ee485,2023-03-16,878921,44648,123406,ab5cc153848b0826b161397dead6e8616731575a49e20bb4b8f8275e539f1b10,30dd850287c27dbecd71659f726c6234f250addd58ecc7a56222c51d85c2a0b0
986ec7fb-bbd8-4914-8b4c-d566e217dc3a,2023-12-09,594422,430393,314890,f0596fc7fd197da793466189a9997f8c1237f0c7e1e41360467b47e9fb985d48,8b7f987c18a159fb5e889700487aa7bd9cfde4a209afaa8fc178510a580dd560
4bb2d605-0fc5-442e-b8e5-75e598387fc4,2023-05-24,444916,601765,106080,8a587abb28320c1c42b87593caf376d3e3f357acff4163e7eea0e194d6bf5fa4,a2cded18c480a451b50adde6674815867a7da3b28a62ebcba0db0108dc0c427f
02a02a9a-fd94-466b-ae92-014085adab94,2023-08-28,265851,227651,679436,da60af57af67f5eb9352fe11693e7eb8fff2631cedf3918eeebacf856cedc978,5d819442202b76e02808885f52baa4aa95a2007e86090b69696f4807ff29d6e4
09768ef1-ea4e-4a31-97a1-31ec50b8b470,2023-10-31,52350,65814,934683,fd8d071b4bb357cb18c13e9cc790a25244d05066237b807eccb0d95e22730d7a,77ae1c5793b564385e51b853fb9f317e799badb6aa45345ef3c5f288ccd9afcd
9f8fc7cc-6e7a-4f35-b035-29e4b6fbfff6,2023-01-24,102269,198628,265803,484af584da81fca82aeec08349d786c7729fe40cc320bd744c16dd521c3a6030,825494f12726c206a0adc00f3a9942f80cdddef6842e537427f5b6a27fa2bab7
26f064ff-a647-4f18-a5a0-5f789749c994,2023-01-08,761865,129669,394625,8e1e341e494d17a49d1d1c43e5ee66750c2c7d28df4e0805fa8284b79b063d24,f9d82cec4bdcab5aef5020d44a8802589b2ba242e61d3ae9883efb2f879bba5a
2d6643b6-6ca0-47e4-90fe-767598ffe72e,2023-07-21,942407,840804,819924,54dd0ce2a889cd1a87cd875a42941e0b124c6665433a9376e643cbb8a6de5041,aa1e9e894a7d3728cc5e930851e0984dd044a02b017619e94025dffceb81fbbe
80607025-d9c4-4ecc-8a1a-4ceab28dd869,2023-02-16,828095,278475,306679,77c4a674c24ce9f150446fb482cbef362be8304bad71db771ca9b85f84c64235,6eaaaddc72a6d0dc6954e01780d0a695803355a2ccfe46ae8457ea589247940d
d31d1bad-6e31-4ef8-9e75-b86f6dd48c8a,2023-06-14,441358,113559,281866,2deefcac876c7f97cc359c339564315dad2b3d87410e8745d1dc62b053bb3a4d,6b1d1c87520d2ff3cf5f58921dca295c99ca83eff18b5ed585eef5ec6ad3b212
